user_id,artigo_id,rating
7,2103.05464,4
188,2301.02018,5
175,2008.13062,4
81,2012.00423,4
281,2302.00743,5
12,2105.03425,5
214,2001.10627,5
395,2004.07923,4
314,2211.04446,4
241,1503.03537,5
417,1906.0209,1
65,2106.03548,4
8,1806.0687,4
170,2304.12064,5
15,2006.13893,4
77,2206.12928,5
391,1905.03109,3
130,2404.12025,5
192,2111.01356,5
479,1610.01243,5
180,1208.3576,2
193,1311.1626,5
388,2302.13529,4
210,2309.06782,5
384,1901.05726,4
244,1010.1864,5
272,2403.17889,3
156,2107.00204,3
37,2109.13539,5
79,2001.0597,5
202,2103.02438,4
161,2206.03128,5
352,1701.06382,4
187,1708.08189,5
349,1311.3785,4
88,2107.05138,5
341,2212.10968,4
459,1312.2496,4
92,2103.11216,4
348,2110.00685,5
217,1306.1491,4
39,1309.6348,4
475,2312.14276,4
177,2005.07798,4
4,2105.11895,5
381,2009.09103,5
393,2107.0613,4
130,2310.10828,5
260,2009.10311,4
431,2307.04692,4
370,1606.02424,5
336,2303.1306,1
464,2212.08475,5
319,2007.02452,4
41,1808.0963,4
189,2306.0654,5
425,1502.03708,5
362,1505.01933,4
134,2003.01309,4
207,2003.11163,5
93,2101.03388,4
321,1012.3452,5
430,1708.05851,4
71,1803.10405,5
341,1908.11373,4
63,2002.02493,2
80,2201.01487,5
463,2101.07396,1
441,2102.13309,4
335,2209.10845,4
307,2006.00508,5
227,1604.07359,4
290,1209.2516,5
406,1704.06724,5
473,1311.3785,3
8,1306.2537,4
129,2310.09949,4
219,1912.03592,4
284,2111.08864,5
423,2012.06809,3
134,2311.05511,5
487,2111.07761,5
290,2205.05446,4
280,2108.04936,3
379,1709.04228,5
270,1708.05711,4
340,2103.16066,4
167,2210.16771,1
465,1912.07661,4
380,2010.13273,4
265,2404.13792,4
173,1601.00987,4
232,1303.0598,4
464,2302.10632,5
495,1403.0533,4
123,1202.1656,4
59,1304.4329,4
122,1705.10591,5
395,2204.09828,4
173,1406.4549,2
231,1807.11328,5
479,2208.11543,4
117,1802.08022,4
485,2306.07005,4
319,2206.05215,1
491,2007.03269,4
190,2308.11656,4
328,1901.09099,3
232,2401.17984,4
338,2310.17843,5
254,2102.03443,4
290,1801.08737,4
246,1801.09477,5
479,1803.09509,5
291,1907.07296,5
356,1203.5422,4
39,1811.08513,5
437,1904.10795,4
276,1511.01622,4
162,1407.7592,5
245,1905.03631,4
131,2308.16725,5
194,2310.20251,5
484,2305.17034,5
209,1907.12374,4
420,1411.3044,4
295,2107.09871,1
26,1208.244,4
71,2106.08325,4
45,1603.00491,3
12,1910.03112,5
445,1007.1756,5
176,2301.11664,4
403,1308.2234,5
318,1908.06656,5
449,2310.16472,5
363,2102.09284,4
344,2011.03168,5
3,1205.3321,4
199,1811.07984,5
266,2203.11423,3
485,2401.14858,5
153,1911.03972,5
282,2401.05427,4
450,2111.09035,4
32,2111.04149,4
110,2307.12815,2
344,2303.07122,4
394,2310.20539,5
21,2105.08177,5
149,2306.05705,5
428,1602.06213,4
170,2206.11948,5
344,1604.06225,4
257,1210.0225,5
183,1807.01853,5
65,2309.13078,4
426,2208.14132,5
209,1806.11276,4
308,2310.18987,4
263,1701.08643,5
340,2305.04804,5
323,1902.11281,5
316,2206.05361,5
78,1510.0305,4
42,1202.3957,4
406,1609.05264,4
487,1510.06988,4
176,2306.07005,4
342,1912.00498,4
8,1709.03545,4
86,1806.03806,5
118,2102.09713,4
264,2203.08328,4
397,1411.1279,4
286,1907.12904,4
8,2103.15214,4
242,1508.03787,5
161,2312.10055,5
264,2211.04248,5
4,1307.7385,5
399,2401.03003,5
142,2309.10657,5
370,1508.04048,4
426,2201.04687,4
367,1608.0018,1
461,2310.11931,5
126,1809.04525,3
297,1907.08695,4
240,1903.06453,4
303,1504.08013,5
113,2303.17069,4
246,2002.02064,5
340,1206.1803,5
456,2208.06678,4
34,1506.01003,5
485,1204.0077,5
38,2004.11966,4
217,1610.01691,5
366,1907.11166,5
423,2105.0714,5
356,2206.12559,5
134,2004.08255,2
450,2201.12716,5
433,2201.08442,4
238,2203.15724,5
165,1907.01886,4
432,1705.05646,4
211,2203.0841,4
268,2101.08143,4
262,1606.03701,4
436,2104.11267,4
159,2103.03111,4
206,1902.04703,5
11,1711.08135,5
163,1810.04063,5
151,1411.1723,4
189,1503.01145,4
224,2103.05154,4
351,1708.03403,4
186,1609.00638,1
316,1610.01897,2
363,2308.10407,5
283,1905.09992,5
176,1910.11433,5
92,1705.0731,2
477,1512.04637,4
2,1705.03391,1
49,2211.14647,5
70,1911.12383,2
56,1707.06683,4
191,2211.05203,1
400,2001.0819,5
49,2309.07486,4
42,2008.13516,4
376,2312.1098,4
278,1801.10492,5
94,1505.07168,4
122,2110.02827,4
281,2112.08501,5
414,2106.07909,5
18,2102.02109,4
458,2011.10232,4
88,1212.4804,3
472,1301.312,5
62,2103.11282,5
150,1702.07461,5
423,1706.06942,5
244,2012.143,5
223,1604.0059,5
197,1011.0972,4
357,2404.06517,5
67,1510.04597,5
415,1811.04449,5
432,2101.02086,4
274,2007.04072,2
77,1907.1264,4
327,2305.09241,5
42,2201.07637,4
250,2103.14727,5
386,2103.10651,2
328,2307.09649,5
157,2306.01811,4
395,1912.09454,4
404,1109.2317,4
348,2002.02427,4
362,2112.15057,5
242,1703.04277,4
259,1912.0908,5
312,1902.07011,5
382,2108.12947,4
437,1708.0954,5
242,2211.15733,5
467,2208.02201,4
490,1210.6192,5
45,2205.05522,5
4,1606.03401,1
72,2403.08085,5
441,2203.13073,5
54,1903.032,4
141,2002.09116,3
282,1410.4987,3
413,2207.07613,4
185,2401.14992,5
5,2012.07188,5
432,1012.2081,5
253,1907.12619,5
485,2305.16708,4
163,1707.05077,5
85,1810.06071,5
86,2205.07636,5
132,2402.03092,4
414,1105.5849,4
352,1907.08302,4
464,2110.1496,4
275,2109.00579,5
296,2005.08664,5
171,1803.10267,4
205,1707.00506,5
451,2305.03343,5
4,1012.4759,4
427,1001.196,5
57,2201.03809,4
451,2306.11951,3
150,1610.08027,5
355,2005.07841,4
417,2212.07201,4
407,2308.00795,4
34,1003.244,5
146,1101.1057,4
462,1402.2899,5
485,2207.03121,2
226,2203.00242,4
454,2207.04981,4
75,2404.05404,4
129,1203.6408,4
211,2008.04717,4
159,2308.15991,4
453,1811.12254,5
185,2207.02264,4
274,1802.01504,3
373,2206.01608,5
156,1909.08735,5
475,2011.06507,4
50,1807.10444,4
413,2212.02751,4
44,2103.01777,1
27,2009.08791,4
257,2308.09096,5
119,2212.09069,5
424,2005.1127,4
443,2404.13672,5
199,2303.06295,4
52,2005.00836,4
445,1304.1074,4
493,2204.09202,1
316,2306.06502,5
210,2005.09997,5
146,2007.02494,1
215,2109.13498,4
422,1705.03303,4
417,1909.13733,5
314,1812.09492,4
270,2104.1253,1
30,1505.04388,5
176,2203.126,4
482,2306.07992,4
12,2012.0537,5
116,2306.1481,4
449,1709.04291,5
311,1908.00732,4
259,2403.08656,5
393,1911.07421,5
411,2005.01076,5
255,1909.05076,4
396,1912.0001,5
422,1708.07313,4
424,2311.01048,4
146,2108.01544,5
293,1111.092,3
382,2007.063,4
456,1810.10649,2
273,2208.03096,5
273,1905.04232,5
319,1904.04447,4
433,1210.6857,5
467,1812.05067,4
473,2311.02389,3
301,2103.0038,4
474,1812.02982,4
218,2310.02955,5
384,2005.11507,5
232,2103.14727,4
61,1309.7713,4
430,1911.00046,5
219,2210.01402,5
274,1210.7126,4
483,2304.09058,4
42,1610.05819,5
349,1209.068,5
96,1508.07829,4
71,2210.17039,5
329,1004.2132,5
262,1611.08573,1
273,2304.06558,4
37,2307.05651,4
139,2001.06077,5
267,1008.1827,5
213,2109.03182,4
100,2007.06775,4
26,1105.6118,4
468,1702.00921,5
235,2205.11448,5
427,1509.08972,2
105,1506.00508,4
8,1807.00205,1
129,2008.13145,5
318,1402.1469,5
215,1407.1963,5
79,2101.03712,4
302,2106.13826,5
418,1805.03296,5
54,1902.06288,5
353,1010.2833,5
301,2203.0728,5
271,1401.722,5
454,2212.10017,5
408,2111.03344,4
215,2403.17567,4
230,2402.08031,5
448,1912.10122,4
255,1708.0168,4
345,2205.04981,4
346,1909.12925,5
229,2005.03181,5
40,1408.356,3
393,2012.09241,5
237,1502.06175,1
80,2201.02949,4
227,1710.01918,5
119,1912.07814,3
144,2404.05217,5
459,2006.04409,4
446,2404.09738,4
37,1505.01535,5
204,2306.11112,5
40,2107.05756,4
485,2310.16843,4
408,1207.6037,5
15,2311.09645,4
378,2206.02307,4
162,1909.10756,3
455,1305.6095,5
8,2206.07375,4
243,2207.07981,4
366,2105.1332,3
411,2012.12501,5
20,2310.16842,5
61,1502.02422,4
319,1910.01073,4
11,2402.07295,4
410,2109.11081,4
336,1910.04586,2
41,2105.10283,2
409,2307.05068,4
217,1809.07058,4
307,2306.14697,5
68,1911.04871,4
345,2304.01111,3
5,1507.02563,5
240,2006.10495,5
350,2306.12516,4
70,1909.08267,4
325,1107.4463,4
363,1905.00707,4
75,2011.05422,5
147,1511.0105,1
255,2009.13347,2
128,1608.04688,5
49,2404.00387,5
351,2210.09964,4
20,1902.08274,5
223,2001.00336,5
176,2109.07863,5
296,2305.11896,1
11,2204.08317,5
493,1312.0742,5
206,2404.16231,4
297,1105.1743,4
127,2208.02002,4
459,2111.11743,5
38,1807.03712,2
432,2301.07568,2
258,2402.0116,5
141,1202.2465,4
314,2002.0797,5
54,2306.01492,4
83,1905.08886,5
122,2303.09562,1
285,1511.01559,5
127,2311.12485,5
212,2308.00795,5
115,2107.10407,3
424,2301.01371,5
463,2001.08122,5
207,2401.09756,4
245,2107.08852,4
446,2011.03772,4
304,1206.2847,5
308,1304.8046,3
89,2103.11338,4
493,1812.10579,4
454,2204.10921,3
235,2207.04117,4
46,2012.1206,4
144,2209.11841,5
325,2002.06075,4
478,2201.1194,5
472,1801.09829,4
378,2311.04584,4
405,1701.0399,5
475,1807.10854,4
410,2306.10841,4
421,1705.03263,5
25,1412.6545,4
129,2305.07748,5
358,2003.10674,5
72,2102.09835,4
354,1907.08695,2
221,2404.08943,1
313,2304.1072,4
131,2312.03884,5
132,2108.01592,5
20,2007.04793,3
72,1210.5908,3
156,2103.0176,4
497,2201.06971,5
92,1907.09146,5
7,2206.12148,5
297,2107.04075,4
66,1405.1827,5
485,2307.12751,5
319,2205.13471,4
55,1507.05053,4
256,1901.10698,1
43,2312.02734,4
371,2303.08706,5
275,2012.0653,5
194,2004.05502,4
325,1709.04596,4
237,2106.0304,4
238,2109.13539,5
243,2311.17538,4
348,2107.12617,4
280,2403.00987,5
151,1912.1116,4
371,2206.12476,4
270,2304.0986,4
37,1707.00574,4
183,1801.07356,4
248,2012.11144,5
281,2009.01145,4
132,1808.01624,5
220,2207.06983,5
192,2102.00287,4
64,2004.03209,4
283,1605.01138,5
486,2108.07978,1
308,1912.05907,1
378,1812.05155,4
465,2308.1461,5
174,1303.2487,2
115,2104.08318,5
197,2102.07441,5
173,1203.5161,4
316,2005.1247,4
154,1808.10826,4
405,1609.05385,4
353,2002.00551,2
116,2305.03985,2
142,2401.17812,5
207,2304.08743,5
43,2402.12875,2
445,2402.09319,2
139,2402.08031,5
163,2304.02239,5
432,2203.13435,5
61,2210.01878,4
352,1909.11076,4
245,2303.07985,4
316,2103.11393,5
150,2104.07454,5
159,2210.07169,5
457,2208.05968,4
258,2302.02036,4
186,2204.03499,3
465,1806.02887,4
62,2012.07756,4
86,2303.02819,3
23,1605.06821,4
260,2210.06386,5
90,2304.04617,5
155,2210.03892,3
209,2110.06403,2
229,2311.04234,4
451,1910.01982,2
493,2305.07013,2
138,2010.07899,5
157,2009.08628,5
99,1401.3895,4
477,1710.04002,5
301,2012.01126,4
435,2102.00197,4
48,2401.13325,5
226,2112.1532,5
49,1512.04222,5
286,2207.07981,4
184,1402.5687,5
45,2102.09098,4
230,2403.20101,3
179,1407.7267,3
81,1805.11328,5
416,2104.04356,5
486,1306.5424,5
136,2202.02727,5
488,2010.05692,5
247,2309.04354,4
314,1605.01429,5
5,2208.08019,4
267,1006.1433,4
409,1805.06881,4
14,1510.01932,4
115,2105.14247,1
437,1802.02223,5
352,2302.11272,5
175,2309.01168,4
98,2102.09435,5
58,2210.12134,5
429,1912.02651,5
247,1304.1074,2
349,2310.01254,4
159,2101.01086,4
84,2402.037,5
379,1408.3869,5
77,2309.08229,5
285,2102.06034,1
82,1712.09619,4
450,2112.05042,1
1,1811.01317,4
290,1505.00841,5
71,2301.10959,4
209,2202.13983,4
470,2110.00085,4
206,2003.03892,4
28,2010.15458,4
95,1907.01779,4
390,1910.12414,5
266,1707.0762,5
65,2402.128,4
191,2305.17671,5
462,2001.03929,4
81,2205.05446,5
476,1909.13694,5
414,1311.3749,4
270,2404.1411,5
150,2205.08095,4
319,2202.13983,4
35,1401.4158,5
18,2401.12468,4
271,1102.2963,5
484,2009.01614,4
154,2006.08668,5
58,2301.0668,4
59,2109.00929,4
336,1908.09541,4
477,1009.4262,5
283,2010.08193,2
498,2011.09004,4
305,2209.06074,5
358,2203.01903,4
326,2403.00108,5
236,2108.07632,4
417,2402.14525,4
219,1703.06137,1
376,2005.00836,5
69,2401.00272,4
258,1905.12974,5
210,2101.09864,4
4,2310.04601,5
140,2202.0221,4
149,2305.0158,5
342,2209.05467,4
439,1903.07539,4
11,1904.00044,5
151,2006.16339,5
67,1111.6825,2
367,2204.03232,4
476,1605.08563,4
416,1803.027,2
300,1304.4819,5
437,2402.04326,5
363,1911.08772,4
422,1608.02896,4
349,2204.12557,4
326,1704.01482,5
15,2112.07824,4
46,1804.07274,4
22,1909.09633,4
171,2309.07466,2
133,1912.03389,4
10,1709.0218,5
74,1603.07962,5
14,1905.01294,5
413,1408.6695,4
80,1306.5884,5
49,1907.02894,4
479,2310.0102,4
220,2202.05166,4
456,2402.01686,4
110,2003.11974,5
433,1009.3773,4
259,2305.06782,5
455,2312.13636,5
188,1510.06113,5
200,2206.0785,4
346,2001.05263,5
460,2201.09907,4
41,2402.16977,5
323,2404.14944,2
46,1910.05429,5
379,2106.15018,5
274,1006.2926,5
258,2011.11595,4
43,2202.02351,5
102,1810.07852,4
227,2210.09924,5
181,2005.01819,4
114,1111.5417,4
174,2311.16661,5
1,2110.08858,2
346,2206.12728,5
52,2206.00877,4
143,2103.0646,5
33,2401.12593,5
92,2311.09168,4
263,1908.07517,5
16,1302.5724,4
68,2311.04234,5
320,1008.2565,5
402,2010.10895,4
2,2306.06574,4
300,1902.02392,5
394,2404.04822,5
304,1410.2828,4
215,1905.01518,5
15,2404.1707,2
191,1011.6181,4
302,1907.08914,4
402,2209.02826,5
402,2004.00123,5
313,2211.01751,4
446,2108.1316,4
169,1410.733,5
367,1301.2351,5
153,2103.03129,4
410,1101.5046,3
23,2404.16051,1
32,2401.05391,4
111,1411.5437,1
212,1703.10873,5
417,1901.04161,5
329,1504.03749,3
189,2303.08318,5
182,1903.10441,2
26,1809.0227,4
156,2110.00972,5
306,1608.06166,2
377,1808.02291,4
434,1409.2764,2
326,2212.06253,3
430,1909.01815,5
476,2403.15807,5
102,1607.04077,5
244,1805.03969,3
174,1911.042,5
256,2310.05978,5
459,1801.07121,5
467,1206.6646,5
187,1212.6209,5
227,2011.00001,5
106,2301.07791,4
184,1101.4104,4
274,1909.13755,4
481,1908.06746,4
309,1906.04576,5
291,2108.00855,1
148,2305.00048,5
129,2110.07378,4
210,2109.11728,5
387,2012.10314,5
190,1102.2604,4
58,2002.12516,3
496,2401.17887,5
416,2212.04921,5
44,1704.00497,5
394,1104.1132,1
80,2210.12134,4
38,1705.07241,2
482,1806.04074,4
245,1503.00141,4
468,1409.1879,4
392,2305.03249,5
108,2404.09349,2
173,1611.10007,5
415,2102.11924,4
51,2106.09306,5
284,2312.08646,4
155,2104.11413,4
375,1712.04753,4
306,2309.02418,1
56,2403.07314,5
355,2108.12599,3
70,2103.03011,5
34,1709.09768,4
117,1712.09619,5
241,2109.0447,3
335,2311.03624,4
486,2303.14785,4
158,2205.09948,5
142,1801.06637,4
19,1903.04326,5
267,2311.03592,4
4,2306.03446,4
196,1311.1108,3
356,2404.125,5
262,2305.09832,3
189,2111.06667,4
78,1403.6006,4
407,1904.09977,2
398,2312.0908,1
338,1810.04315,4
456,1305.0191,3
344,1604.00103,1
278,2305.03306,5
440,2312.04832,4
213,1301.142,4
87,1907.09594,4
191,2009.02452,4
52,2210.05839,4
391,2109.042,4
294,1903.08568,1
340,2009.08941,4
411,2007.04766,4
147,2105.01109,4
398,2001.0015,5
228,2402.00206,4
194,2302.13452,3
119,2005.1192,5
411,1911.02668,5
280,2108.01262,5
351,2201.08501,5
485,2310.06193,4
402,2310.17552,5
116,2007.15711,4
363,1901.0134,4
471,1604.04359,4
387,1908.03995,5
409,2208.09927,1
416,2303.05623,4
446,2404.18746,5
51,1311.4821,4
176,2211.1633,4
141,2105.11931,1
321,1712.0366,4
126,2307.12936,5
365,2211.15441,4
24,2105.07006,5
150,2110.1038,3
498,1402.166,5
248,1909.1309,4
217,2206.07585,5
285,1112.2251,4
428,1211.3951,5
414,2311.13099,3
18,2303.04642,1
185,2401.08267,4
456,2006.16353,4
26,2306.07685,4
146,1302.517,3
266,1104.5362,5
49,2209.05658,5
374,1910.13063,5
221,1108.106,5
233,1310.4716,4
315,1808.10628,5
307,2308.03213,4
225,1601.04746,4
471,1407.3462,4
52,1812.01973,4
131,1905.09503,4
60,1902.07418,3
112,2312.08617,5
494,2301.12612,4
29,2305.0586,4
214,2104.14281,2
335,2310.13377,5
237,1305.7128,4
420,2001.10223,4
372,1012.185,4
18,1409.6505,5
122,2401.0918,5
105,2208.14594,5
354,2112.01657,3
258,1008.437,4
352,2305.03895,4
181,2212.01735,5
436,2204.12557,3
391,2106.11445,4
366,2403.13286,5
458,1812.02197,4
416,1907.05515,5
67,1011.5264,5
49,2202.00389,5
38,2302.07958,5
170,2211.02378,5
28,1506.06704,1
77,2012.07581,3
95,1611.07627,5
103,2210.06386,5
289,2006.08302,5
50,1710.02882,4
333,1403.4165,4
278,1807.0792,5
483,1512.01898,5
261,2209.13851,5
325,1510.02395,4
496,1810.0978,5
135,2103.07068,5
210,1707.02499,4
414,2312.156,1
200,1907.0096,5
96,1304.1677,5
135,2301.13347,5
309,2005.1437,4
266,2209.0369,4
181,2001.02112,4
448,2208.10797,5
156,2306.17417,2
447,2201.08118,5
19,2401.09711,5
195,2005.00209,4
312,1511.08841,5
448,1902.05826,3
444,1909.0651,4
401,1305.5176,4
364,2103.10461,4
398,2208.04854,4
447,2309.06957,5
277,1708.07436,5
160,2401.02896,5
436,2107.036,5
52,1911.07179,4
390,2105.13185,3
270,2208.1255,4
354,1911.02728,5
320,1703.019,5
198,2402.07326,4
417,2203.10397,4
439,1407.0481,5
209,2011.11176,5
128,1803.10901,5
434,2311.12235,5
358,2308.02506,5
442,1704.03991,5
464,2105.12168,4
128,2207.11872,4
236,2109.08356,4
436,2003.14027,5
390,1906.12345,5
101,1202.4375,5
227,2012.02125,4
238,1307.2411,4
444,2403.05427,4
349,1402.4164,4
204,2211.08399,1
82,1708.09691,4
173,2009.05689,5
371,2309.07168,5
327,1705.03303,5
377,1801.09961,4
338,1805.00237,2
223,2001.03894,5
436,1410.8536,4
395,1904.02032,1
127,1602.0311,5
379,1806.09447,5
47,2010.11746,5
302,2404.18755,4
274,2403.1742,4
122,2306.16872,5
280,1412.5484,2
249,1701.08644,5
411,2201.07229,5
475,2210.10838,5
486,1503.03107,5
467,1309.7341,5
275,1804.04372,4
21,2205.08181,5
28,2101.10066,4
53,2309.01519,5
121,2307.03212,2
496,1104.5538,4
171,2004.07447,4
490,1802.07779,5
137,2001.0937,3
471,2005.14531,5
405,1306.4359,2
309,1711.0245,4
39,1911.03072,5
343,1203.5944,5
100,2009.0833,5
56,1805.02371,5
153,2203.04808,5
356,2011.00956,4
466,1907.04252,5
412,2207.12509,4
152,2312.00843,4
2,2210.0906,2
352,2305.03266,5
363,2004.07793,4
402,1710.10336,5
266,2304.14309,5
132,1310.7198,4
274,2009.02733,4
195,1905.06503,5
96,2311.10475,4
98,1705.08708,5
24,1511.00529,5
339,2209.03736,5
209,2108.06832,5
313,2110.03174,4
38,1902.05826,1
281,2010.13082,1
268,2012.06446,5
174,2008.05556,5
187,1308.4338,5
146,2206.09529,5
266,1906.0424,4
10,2207.00849,5
410,2305.18718,4
496,2404.07981,5
52,2012.04775,3
285,2007.15949,4
132,1709.04596,5
421,1406.6889,5
290,2103.00917,5
302,2304.02082,5
45,1808.06216,5
153,1903.06053,5
460,1508.02303,1
470,2011.14068,4
330,2209.13599,1
171,1801.09644,5
227,1509.03597,4
44,1803.1003,5
224,1908.09082,5
261,2207.04567,3
438,1012.3156,4
232,2403.08981,5
346,2001.07582,5
45,2010.05867,4
41,2102.12699,5
285,2106.11445,5
491,2103.10515,4
113,2009.1034,5
418,1904.07348,4
180,1811.04177,4
361,1607.01838,4
162,1111.1224,4
123,2007.11881,5
15,1610.08199,4
73,2212.03099,4
326,1905.06944,4
116,1907.03202,4
45,1507.06943,4
319,1604.00421,4
273,2404.17882,2
169,2109.01905,4
164,1505.01933,5
141,1611.01639,2
361,1803.02857,3
353,1507.06796,5
392,2010.08269,5
274,2205.03209,4
103,2304.00134,5
112,1510.00563,5
368,2302.11583,3
50,2309.079,4
395,2203.14963,4
350,2006.1209,4
403,2309.09386,4
35,2006.1565,4
323,1911.01499,2
332,1407.7998,5
451,2005.11735,4
155,1912.0262,5
423,1901.08116,1
126,1208.4909,5
248,2204.13464,5
300,2306.02555,4
132,1708.05469,4
239,1909.06508,4
75,1907.00459,4
238,2304.14233,4
175,2004.01908,4
200,1710.08812,2
313,2201.07229,4
295,1805.12503,5
225,2307.05258,5
24,2310.17046,4
24,2010.04618,5
202,2404.15445,4
136,2304.10548,5
296,2305.03243,4
355,2201.03804,1
357,1107.1805,4
313,1705.10868,4
149,2311.15376,1
230,2305.03152,1
474,1707.02596,5
306,2401.12094,5
29,2303.05958,1
396,1802.08318,4
159,2204.13828,4
325,1809.00861,2
236,1006.0992,1
353,2006.04324,4
467,1709.02489,4
238,2207.05772,4
31,1710.10686,5
498,2401.1653,2
272,1201.1363,5
88,1110.1821,4
327,1810.11914,4
65,1803.02918,4
458,1110.62,5
124,2404.10713,4
286,2305.16051,4
76,1506.08352,4
268,1612.03797,5
158,1805.10458,2
165,2005.12951,5
101,1905.04232,4
234,2110.00761,5
382,2310.07276,4
497,1312.186,4
393,1805.02356,4
85,2312.08156,1
203,2405.00566,4
485,2305.11996,4
9,2104.04523,2
175,2402.04768,3
246,2402.07462,4
162,2211.10589,3
301,1912.04242,5
122,1906.06512,1
184,2206.12825,4
276,1210.7043,4
185,2309.13544,4
382,2309.05158,4
332,2009.06831,4
361,2201.01166,4
25,2103.14189,5
99,1905.12145,1
179,2105.10041,4
2,1911.05586,5
24,2301.13449,5
316,2310.01983,3
24,1510.02419,4
181,2301.00929,3
349,2404.05602,5
452,2209.06388,4
338,1102.4129,4
47,2110.05001,2
143,2202.01383,4
142,2305.03582,4
349,2402.16534,4
56,2007.05346,5
72,2302.082,4
192,1910.08364,4
231,1610.07434,5
459,2006.08949,5
54,2403.04378,4
120,2007.063,4
343,2001.08006,4
376,1803.05861,4
151,2003.06279,5
363,2012.13919,1
322,1910.13063,5
372,1706.02202,5
457,2310.09125,5
242,1809.00405,5
352,2112.05831,5
199,2011.14977,5
224,1909.09633,5
465,2007.012,5
69,2211.10889,5
81,2005.07134,5
402,2010.09714,4
192,1810.05222,4
272,2207.04238,4
48,1808.05979,4
90,2010.09322,5
7,2206.054,5
339,2205.05739,4
392,2201.08022,4
280,1805.09687,5
7,2304.12592,5
110,2102.11861,5
195,1201.2553,5
168,2210.04729,5
386,2009.13768,3
365,2305.14047,4
492,1804.06764,5
339,1611.07743,5
232,2402.15824,5
128,1602.05231,4
433,2207.06819,4
14,1804.04449,5
342,2003.10073,4
492,2008.05013,5
278,1910.02201,5
129,2008.00023,5
269,1702.02463,4
4,1301.5121,4
374,1907.1243,5
219,2010.08423,4
316,1302.1954,5
30,2005.07898,5
289,1405.539,4
150,1811.10114,5
363,2201.10082,5
178,2208.14958,5
414,1207.4941,4
468,2010.036,4
390,2007.04134,4
120,2101.07223,4
400,2208.09324,5
75,2201.02141,4
313,2309.10063,5
222,2005.00565,5
192,1912.06875,4
485,2401.02899,4
281,1402.3606,4
86,2401.03162,5
62,1510.00552,5
268,2304.06826,4
178,2005.11676,5
48,2308.09096,5
485,1402.1879,5
54,1307.0441,4
12,1011.022,3
84,1903.05881,3
446,2003.10025,4
393,1912.01987,5
428,2107.02882,4
293,2205.09703,4
36,2309.01461,4
68,2302.00586,4
356,2211.13,4
423,2305.14372,5
34,1207.0745,4
122,2207.08811,5
478,2103.04033,4
314,2102.08847,5
29,1606.04296,2
209,1304.1548,4
144,1908.06422,4
333,2211.17104,5
147,2206.01913,4
20,1812.02639,5
349,2009.11603,4
231,1709.0403,5
457,1709.0409,4
412,2103.1483,4
468,2302.01733,5
428,1408.4036,5
246,2304.00837,5
284,2007.07859,4
326,1808.08181,4
181,2001.01126,4
391,2207.03592,5
291,1303.7332,4
324,1309.5132,4
428,2304.04821,5
190,2103.0596,4
386,2305.08104,5
221,2010.0917,2
331,1404.1775,4
334,2111.13912,4
21,1303.2156,1
98,2301.13807,4
378,2006.1571,4
271,1007.2316,4
367,1503.04585,4
476,1711.07863,4
222,2207.10835,5
423,2009.05664,5
108,2101.03882,5
104,2404.10548,4
356,2012.0632,4
324,2206.06493,5
392,2002.02717,5
251,1405.1773,3
288,2302.0584,3
306,1305.6076,5
217,1709.0748,4
250,1903.00709,5
494,1902.06692,4
350,2007.11098,2
145,2312.02353,4
453,1202.4281,3
157,1912.01411,5
329,1610.08117,5
355,2308.10249,5
245,1601.07965,4
355,2208.08886,5
360,1703.10858,5
298,2005.05178,4
124,2205.06236,5
369,2312.16775,1
439,2006.12804,5
81,1902.03023,1
337,2103.02438,4
163,2004.06194,4
412,2304.06935,2
32,2302.11272,5
451,1905.03908,5
273,2012.03014,4
480,2005.05469,5
97,2306.00723,5
268,1804.05704,5
113,1212.3777,4
388,2010.01521,2
373,2208.0889,4
372,2308.04305,4
81,1908.11834,4
212,2207.0937,4
435,2404.14418,4
46,1302.2692,5
8,1805.03327,5
408,1510.03482,2
420,1908.05391,3
203,2003.0707,4
19,1906.0817,5
453,2212.14345,5
328,1412.4361,2
414,1601.04746,4
276,1701.01793,5
75,2402.04831,4
303,1502.04697,5
385,2305.09686,4
265,2007.0251,2
236,2207.0009,3
52,2012.08863,1
185,1904.09818,3
80,1604.07741,4
125,1205.0856,4
287,2106.03036,3
92,2311.11031,4
485,2007.012,1
212,1306.2692,5
487,2006.16339,4
242,1808.10642,4
446,2007.03549,3
84,1809.0365,5
444,2403.15812,4
123,2108.00465,2
421,1001.1933,5
203,1912.06342,5
151,1808.08181,4
413,2002.07799,4
324,1311.3785,4
388,2309.03383,3
351,2106.08853,4
137,2207.01393,1
250,2207.04848,4
91,2301.03167,5
150,1007.126,5
181,1308.3177,4
231,1410.3277,5
47,1806.01661,3
87,1909.08267,3
465,2404.00254,4
385,1012.1258,4
97,2007.05494,3
244,1603.03458,5
286,2211.05417,4
296,1912.04197,3
199,2210.08682,5
176,2311.07932,1
140,2402.16906,5
261,2007.00596,4
216,2404.17009,2
189,2308.09685,4
120,1309.2687,4
377,1704.01937,4
31,2302.03629,4
459,2107.01594,5
59,2009.0741,5
373,1706.05297,4
142,2306.08728,5
43,2004.07156,4
268,1010.4327,4
79,1804.0276,4
190,2212.02345,5
278,2207.03529,3
409,1608.05505,1
288,1807.03027,1
383,2005.04735,4
108,2205.09376,4
233,1904.03152,5
377,2203.11784,4
343,1805.08008,4
263,1801.01165,3
290,2402.18116,2
301,1004.3427,3
343,1211.3376,5
339,2305.16158,4
390,2305.13472,4
44,1912.00614,4
118,2009.03816,5
198,1709.05861,5
204,1904.06455,4
304,2305.12919,4
87,2401.17786,4
222,2311.09516,2
260,2210.04802,5
41,2110.02631,5
149,2306.06924,4
500,1009.371,5
198,2007.00757,4
376,1609.02612,5
21,2103.02524,5
203,2007.10109,5
270,2106.03051,5
280,2308.0853,1
402,1911.09257,4
297,1610.04388,4
78,2403.12792,4
468,1802.04427,3
126,1610.0731,4
25,2202.1159,5
318,2305.01613,5
264,1811.05927,4
499,1511.06975,4
61,2112.07859,4
256,1502.06671,5
230,1708.09494,5
62,1009.087,5
467,1611.08573,2
30,1903.09709,5
23,2109.0354,5
76,2204.10254,4
177,1703.05413,5
468,2312.04615,5
297,2205.05866,4
476,1703.08242,4
278,1901.02508,5
137,1707.03587,4
313,1107.4118,4
81,1911.07112,4
271,1311.0803,5
93,2202.04533,3
496,2201.10442,5
365,2205.09905,2
264,1905.13387,4
217,2306.04892,1
290,2012.12501,5
380,1908.10555,5
132,2307.06824,5
394,1912.01698,5
443,1102.1237,4
230,1906.09353,5
251,2107.07038,4
56,1711.04513,5
115,1504.04216,5
286,2305.15233,4
131,2305.00929,4
355,1504.07586,5
412,1505.0628,4
290,2309.05885,4
194,2102.11485,3
47,2112.1224,5
389,1706.03254,5
334,2303.14699,5
137,1702.04059,4
218,1808.08671,2
21,1502.00592,4
239,1505.07267,4
347,2210.1465,4
500,2010.12338,4
431,2302.05543,4
385,1301.6682,5
382,1606.06454,1
105,2308.06982,5
161,2005.05732,4
466,2309.13808,4
38,2003.01752,4
10,2005.00853,5
370,2002.08828,4
448,2009.03259,4
408,2108.07879,3
219,2305.00856,4
37,1810.01078,3
203,1906.06826,4
117,2203.1425,4
474,2003.13669,5
157,2004.00034,1
305,2401.04305,3
421,2307.06851,5
30,2104.12357,5
119,1911.01529,5
274,2011.00895,5
36,2303.0867,4
38,2402.01669,4
341,1909.13672,4
377,1908.08715,5
452,2309.07813,5
410,1909.11123,2
218,2109.10572,5
221,1405.6008,2
143,2006.06051,5
234,2009.12009,2
186,1708.01841,5
362,2102.03742,4
450,2010.12552,4
245,2102.0301,4
106,1502.00395,4
229,1507.00066,4
90,2402.16907,5
436,1901.07361,2
141,2211.00741,4
398,2401.03533,1
5,1807.11212,4
429,2003.14204,5
460,2401.09748,4
237,1808.05035,3
2,2211.05975,1
296,2008.08509,5
333,2306.07273,4
431,2111.09207,4
236,2404.18746,4
194,2012.13265,5
31,2401.03131,5
217,2309.04354,5
112,1101.2678,5
491,2103.00266,4
359,2207.10648,5
101,1301.7382,5
30,2305.0501,1
148,2307.04481,5
303,1606.08657,5
54,2401.03675,5
133,2404.00989,5
56,2401.02105,5
34,2101.01533,4
353,1311.4821,4
403,2105.01914,5
414,1003.3047,4
94,1911.01523,5
134,1806.08128,2
255,2305.01613,1
34,2111.06362,5
303,2201.06955,4
103,1301.2725,5
186,2009.13792,5
230,2006.03921,5
139,2402.09476,2
479,2202.00567,4
152,2112.08587,5
157,2307.06723,4
60,2103.12896,4
497,1211.2126,4
374,2306.05812,4
128,1806.06681,5
267,1503.02784,4
253,2302.01733,5
301,2307.12607,5
139,2006.08444,4
89,1808.05209,4
241,2110.12963,4
158,1303.0868,4
211,1112.6098,4
314,2203.08876,4
299,2110.11323,4
365,1903.06453,5
486,2305.01378,4
55,2211.15834,3
451,2205.07627,1
23,2001.11818,5
18,1205.096,5
300,1708.02062,4
442,1710.05465,5
70,1602.04415,4
20,1805.03291,4
405,2402.00091,4
322,2205.09533,3
467,2207.14163,5
315,1310.2375,4
299,1909.10215,5
65,2204.05726,5
374,2402.1036,4
332,1801.04497,4
2,2303.05098,5
312,2307.13028,5
110,1909.10215,4
308,2206.05361,5
354,2210.04514,4
396,2012.00468,5
291,1708.08761,3
380,2309.10435,5
43,1908.05843,4
462,1512.05864,4
263,1402.6764,4
138,2310.11294,5
287,2102.03518,5
446,1909.13296,5
440,2310.04304,4
299,2206.00877,5
288,1211.033,5
61,2104.14686,4
385,2307.10318,5
128,2208.07702,5
235,1701.0398,5
206,1009.2577,4
305,1902.10213,5
214,1909.1309,5
263,2302.04482,4
465,1610.08865,5
342,2204.14199,5
271,2309.08883,5
108,2009.01649,3
224,1311.1419,5
372,2005.14531,4
27,1210.4856,1
491,2303.01701,5
16,1908.08708,5
284,1912.01365,5
187,1506.07116,4
418,1309.4944,4
46,1010.2354,5
276,2005.08887,3
15,1705.07305,5
202,2401.03171,4
241,1504.03386,5
44,2307.00786,4
157,1702.04263,5
410,2404.08372,4
256,1911.10363,4
166,1903.11131,2
257,1708.01286,4
264,2307.01135,5
157,2304.07534,4
413,1009.0769,4
458,1706.01021,5
290,1509.0736,4
216,1909.01602,4
176,2209.06388,5
52,1308.555,4
18,2006.16126,5
325,1407.8513,4
496,2307.00165,5
388,2309.14232,4
207,2304.11105,4
302,1307.7824,4
256,1801.02508,1
147,1509.04072,5
21,1901.01342,4
260,2107.04924,5
26,1701.09042,4
462,2404.10921,4
449,1506.06972,1
13,2005.00522,2
404,1811.10471,4
170,1207.7019,5
434,2110.14768,4
47,1802.09462,5
64,2306.15448,4
209,1605.03046,5
412,2208.12526,5
149,2309.06981,5
425,2312.13064,4
155,1908.11834,5
459,2207.07981,5
98,1111.7166,5
204,2312.12364,3
172,2212.1285,4
3,2101.1173,4
293,2203.0485,5
17,2010.14013,5
219,1709.0761,4
2,2308.01868,5
437,2208.08909,5
236,2106.15135,3
486,2110.09434,1
119,1108.5017,4
408,1509.08909,4
85,2301.13729,4
391,1405.1511,5
391,1710.08528,4
436,2402.05932,4
99,2311.14271,5
20,2002.10451,4
40,2403.01903,4
334,2304.08434,5
62,2402.08098,4
349,1012.2152,5
290,2012.13638,5
86,1308.0219,5
173,1509.05722,5
229,2212.03797,3
157,2204.00678,5
428,2004.03842,1
88,2008.09724,5
424,2111.10003,5
348,1508.04757,3
214,1412.6793,5
390,2208.00746,4
169,2304.09286,4
170,2404.03525,5
138,1304.1075,4
252,2404.00099,5
34,2303.14605,5
499,2011.14195,5
102,1510.01155,4
263,1101.2812,4
496,1904.00672,5
455,1308.2581,5
410,2002.07315,5
424,2308.10779,5
403,2009.1034,3
90,2307.04849,5
26,1204.048,5
180,1801.00932,3
151,1504.04884,4
27,2202.07837,5
474,1810.09952,4
266,2403.00229,5
237,2010.02509,4
274,2111.06958,4
212,2201.10348,5
191,1206.1877,5
84,2307.06949,4
274,2201.05533,4
191,1808.10016,5
452,1705.09231,4
20,2402.13008,5
332,2309.13494,2
361,1909.01756,5
41,2404.0334,5
157,1504.02602,4
179,1209.649,5
354,1308.4565,4
141,1407.7267,2
26,2004.10276,5
336,1501.02033,5
237,2102.0592,4
439,2312.04832,4
424,1705.04885,5
23,1401.6157,4
259,2207.05953,4
391,2306.02766,4
479,2006.05078,5
140,1808.04864,3
187,1511.05464,4
275,2311.05849,5
310,1710.10109,2
235,2105.08475,5
177,2008.13516,5
20,2002.09541,5
213,2106.00319,4
358,2401.01176,4
149,1504.04343,4
90,2403.02185,2
326,2112.09745,5
76,2108.12599,4
61,2302.14546,4
469,1803.04556,4
437,2102.00921,5
74,2108.1316,5
484,1311.3749,5
21,1707.08559,4
479,2404.04517,4
388,1606.04074,4
59,2305.01552,5
86,2104.09898,5
428,1311.1764,4
426,2308.04805,4
486,2102.10317,2
315,1309.333,4
164,1803.08383,4
236,1403.2972,4
475,1908.08744,1
482,2403.08763,5
29,2001.08615,5
28,2109.0661,4
78,1808.06201,4
165,2209.14272,5
344,2305.13472,5
234,1910.1137,1
259,1102.5126,4
63,2204.01899,5
118,1712.03411,5
116,2302.1175,5
479,2302.10243,5
308,2208.1461,4
368,2012.04028,5
403,1104.2944,4
84,1608.07855,4
413,2404.07986,4
342,2002.12795,4
1,1701.03639,5
442,1008.0135,4
68,2009.05689,5
104,2208.03773,5
88,2008.0641,4
451,1804.06604,5
363,2404.12457,5
121,1411.3015,5
262,1604.00357,5
334,2403.20194,5
418,2006.15449,4
345,2210.10256,4
429,1303.332,5
408,2106.05373,3
4,2011.06892,3
168,1602.05681,4
352,1807.04889,4
37,2207.0471,4
28,1810.05474,4
484,2307.03699,4
112,1702.05412,4
461,2206.06988,4
100,2211.16999,5
499,2404.15678,5
111,2003.12909,4
454,2111.06818,5
104,1401.8192,4
314,1604.04265,5
395,2309.1463,4
257,2206.14076,2
115,2305.04792,4
306,1903.05832,4
131,1910.10837,4
64,2105.08016,4
376,1103.4865,4
281,1809.04052,4
183,2204.13464,5
105,1501.04894,5
209,1008.3795,4
307,2404.13551,3
202,1910.02244,5
440,1601.06183,4
481,1905.11567,3
430,2111.04382,5
358,2404.1027,3
156,2404.00672,5
333,1706.06818,5
70,1710.04286,1
364,2202.04337,4
437,2209.07517,5
291,2302.09221,3
433,2402.16399,4
447,2010.12081,5
243,2109.10067,5
150,2001.07592,5
314,1307.2075,4
78,2304.01232,5
438,1909.11722,3
151,2303.13484,4
95,2310.05172,4
243,2004.12891,4
352,2302.13343,5
189,2103.01597,1
251,2206.13932,5
70,2311.03284,5
423,2403.01265,4
153,2104.12125,4
93,1711.00681,4
238,1807.00819,4
490,1908.04219,4
324,2210.00982,4
386,2212.13472,5
47,2307.14448,1
100,2107.13738,4
152,1304.3405,2
170,2109.06325,5
361,2103.10461,4
403,1407.3745,5
246,1910.13327,5
126,1804.05974,5
234,2001.11267,4
288,2111.07049,5
417,2210.15796,4
81,2110.09271,5
101,1703.00552,4
127,2302.08468,4
353,1001.0018,5
496,1805.03324,4
294,1912.07796,4
13,2404.10921,5
310,1207.2541,5
349,1606.01431,1
11,2303.13525,5
242,1911.0698,4
408,1004.4729,5
315,2404.16322,4
422,1310.1498,3
61,1309.0867,4
6,1911.01286,3
249,1308.378,4
188,2108.03982,4
122,2103.04954,5
33,1902.06684,4
158,1601.02478,5
371,2307.06553,4
480,1907.01183,5
29,1608.09002,5
63,2105.04045,5
442,2207.11434,4
373,2304.07534,4
312,1002.3931,4
216,1908.08674,1
403,1904.05533,5
212,1909.05372,4
472,2007.03505,5
70,2403.01265,4
316,2305.13079,5
185,2010.036,4
406,1808.04864,5
249,2111.07363,5
203,2307.09579,4
366,2107.09091,4
94,2402.01047,4
462,1402.583,4
454,1811.01216,5
296,2212.09356,4
10,2402.05782,5
169,2403.03736,5
189,1410.356,5
216,2105.08987,2
453,2203.05132,5
189,1801.05038,5
336,2003.11445,5
464,1905.01152,4
392,2309.10185,5
68,2307.04217,4
465,2305.09241,5
19,1008.1289,3
429,1803.02296,5
452,2205.10995,4
219,1805.08598,5
471,1511.0945,5
142,2108.11514,5
87,2103.05859,2
84,1710.06384,4
488,2307.0408,5
331,2403.10357,5
304,1908.01536,5
227,1610.025,5
4,2308.04805,4
265,1212.3425,1
492,1910.01736,4
411,2205.03939,4
173,2303.118,5
390,1912.0631,5
469,1911.02915,1
154,1709.04599,4
215,1704.02432,5
50,2405.0151,4
310,1909.11232,3
146,1509.08972,4
491,1708.06987,4
241,2305.09995,3
171,1304.3876,4
383,1310.2539,5
211,2203.06807,5
332,2404.08468,4
214,2310.0087,5
157,2102.07952,4
21,1903.10445,4
160,1810.11154,5
302,2402.01816,5
169,2305.00154,4
463,1707.05945,5
89,2206.07585,4
1,2204.05107,3
336,2202.1348,5
134,2311.05607,4
326,2211.14847,2
13,1406.6591,5
47,2404.02458,4
185,1308.2147,5
420,2203.11509,1
334,2404.09758,4
292,2208.07703,4
129,2101.10007,4
208,1603.01529,1
35,2202.09102,4
283,2401.09473,5
72,2308.08713,3
1,2203.01769,4
479,2204.0027,5
312,1503.01348,5
438,1703.08306,5
337,2304.06935,1
340,1412.0684,2
416,1204.5542,4
122,2004.06153,4
467,2105.05192,5
230,2403.16749,4
12,2209.02464,5
416,1503.00778,5
203,2403.048,4
13,2310.09299,5
81,2110.09339,2
271,1604.07553,4
267,1808.07272,3
439,1804.08985,4
271,1404.6781,4
339,1906.02993,4
252,2204.04395,4
217,2304.03593,4
384,2006.08335,5
486,1903.04584,5
35,1110.3649,4
373,2403.0881,5
141,2201.07637,5
185,2002.01726,4
110,2109.03734,4
19,1706.07772,5
208,2402.00878,4
212,2309.04266,4
124,2207.0937,4
384,2110.15493,3
414,1706.01062,5
280,2207.00838,4
260,2305.19599,4
52,2307.07521,5
168,1102.1053,4
69,2101.02591,4
151,2312.05505,4
323,2102.09526,5
88,2109.15268,5
438,2106.0125,5
124,2404.14651,2
471,1604.08507,5
33,1212.4702,4
485,2302.07051,4
189,2006.04423,4
124,2211.17104,4
454,2310.13231,5
145,1808.10642,2
305,2301.00524,5
24,2107.00357,4
237,2103.01145,5
14,2202.01746,4
265,2105.12516,4
52,1712.04202,4
219,2111.01605,2
298,2209.11841,5
395,1707.06055,2
232,2103.00739,5
128,2111.14281,3
66,1902.06554,3
227,1605.04717,2
395,2308.11018,4
451,2311.10631,4
125,2008.03676,5
11,1801.00048,5
468,2106.07033,4
300,1910.13013,1
215,1402.4467,5
347,1604.00921,5
432,1304.3541,4
111,1412.0683,4
254,2105.00691,4
112,1711.03178,5
78,2011.00433,3
108,1410.5158,2
99,1605.0485,4
244,1412.4051,5
494,2005.08907,5
206,2009.10251,5
210,1811.05704,3
416,2006.00205,3
102,1506.00695,5
331,2304.10736,5
345,1006.4288,5
364,2112.0566,4
256,1912.13023,5
356,2301.01481,4
499,1207.2908,4
166,1301.3867,5
371,2204.07923,5
97,2103.04033,4
490,1006.5894,5
218,2007.11641,3
371,1509.03091,1
475,1909.07083,4
50,2203.04928,5
343,2306.0917,5
109,2103.08432,5
131,2301.12794,5
11,2009.03945,4
115,1903.0155,5
174,2403.10538,4
203,2106.11424,5
266,2108.06076,4
10,1505.01662,5
284,1103.1254,3
373,1804.05119,4
12,1901.00073,5
49,1802.09952,2
124,2305.08812,4
278,2202.04626,5
409,2401.06109,4
44,2402.04979,2
127,1008.2112,4
481,2109.13012,4
164,1712.09619,4
264,2310.01271,4
125,1906.0424,5
410,2111.10835,4
324,1806.06681,4
335,2403.14592,5
70,2204.10707,4
497,2102.01453,2
249,1902.09597,4
470,2103.10501,2
31,1807.00947,5
235,1709.0748,4
54,2206.12247,4
439,2201.13305,4
384,1408.1667,4
484,1504.00386,1
301,1602.07435,5
232,2105.13395,4
296,2305.02523,4
31,2004.07176,4
360,1904.03336,5
207,2304.12889,4
191,2310.09008,5
459,2103.10207,4
396,1508.0069,5
227,2106.04512,4
219,2312.02991,5
420,2402.04768,5
496,1606.01081,5
219,2006.08092,4
306,2010.1503,4
203,2311.08398,4
227,1910.01073,4
154,1007.2754,5
347,2206.13517,4
431,2103.05505,4
482,2206.05741,4
474,2012.03126,4
205,1802.04291,5
416,1911.10863,5
474,2102.0251,5
166,1209.3668,5
131,2207.01792,4
448,1810.04652,5
234,1809.04362,5
359,2310.1513,5
349,2210.05638,2
335,2401.09748,3
81,2304.12325,5
500,2305.06156,4
151,2306.02065,4
304,2403.01629,5
160,1812.11257,4
448,2106.1124,4
450,2304.10351,5
386,1601.00172,4
354,1511.00043,5
224,2009.04927,5
277,1209.658,4
495,2404.02317,5
463,1909.01716,4
265,2403.06862,5
124,1701.07925,5
106,1306.4623,5
299,2306.00709,5
151,1511.05384,5
302,1001.3242,5
176,2304.09058,5
434,2210.08682,4
267,2006.13449,5
435,1908.09972,4
294,1511.05464,5
318,1209.6001,5
236,1808.10387,5
33,1503.07133,5
494,1905.02828,4
350,2005.01994,5
465,2104.09489,5
63,1601.05002,2
67,2309.15269,3
180,2302.12389,4
129,1407.2415,5
75,2402.0355,5
31,2311.14694,4
440,1902.07138,5
430,1701.01793,5
156,1702.05698,5
303,2210.10634,4
126,2208.03385,4
382,2303.01931,5
205,2009.08872,5
84,1512.00296,5
135,1311.0776,5
120,1907.05579,4
170,2307.06618,4
357,1309.6348,5
198,2304.05462,3
475,2312.14681,5
281,2106.04475,4
368,1211.1661,1
376,1206.0805,4
244,1202.3706,5
319,2107.08594,4
490,2206.08485,4
459,2001.0088,4
27,1703.03098,4
261,2111.00309,4
465,2301.07703,1
43,1202.1941,4
318,2106.11177,4
160,2311.17463,4
84,1909.07093,4
485,2311.04067,5
300,2105.0065,4
411,2003.0303,1
489,2404.11744,5
74,2211.05733,4
25,2008.06835,5
314,1808.04707,5
39,2206.02779,5
327,2309.04405,1
167,2211.03613,2
394,2111.07024,4
356,2008.12828,5
207,1909.10214,4
454,2206.09585,4
255,2209.08067,4
46,2012.03521,4
317,2211.16999,1
234,2401.04579,5
488,1910.03498,5
271,2312.09119,4
330,1307.7446,5
44,2306.09339,5
34,1308.4761,5
38,2403.12212,4
306,2304.01099,4
59,2009.0142,3
443,1504.03536,3
129,1102.0467,5
321,2302.11272,4
185,1502.06764,1
207,1807.07422,1
269,1811.03862,4
98,2312.09321,5
97,1307.4191,4
301,2301.02781,5
260,2307.12936,4
75,2203.04737,4
203,2101.05436,4
383,2404.03809,5
133,2101.01718,4
450,2302.04624,3
6,2401.07381,4
355,2201.03473,4
293,2303.00272,5
381,2009.10905,5
449,2308.10807,5
22,2002.12275,4
437,1102.3515,4
404,2006.00235,1
22,2403.18616,4
251,2303.1345,5
472,1809.09613,5
27,2106.12548,5
236,1501.06907,2
192,2104.02188,4
361,1802.08138,5
109,2109.11418,5
318,2001.07158,4
118,1710.10336,5
397,2210.0862,5
332,1210.2287,5
225,2402.17242,4
398,2003.10025,4
146,2212.07278,5
136,2309.16369,5
86,2203.02314,5
291,2010.1626,3
226,1212.5421,4
75,2302.0407,2
172,2008.09511,5
178,1811.04201,5
342,1412.5077,5
174,2008.08656,4
406,1909.00557,5
187,2212.05231,5
460,2307.07513,4
333,1804.08598,4
265,1308.6469,1
159,2107.02875,5
324,2003.01063,3
478,2403.00717,5
445,1909.10261,5
468,2404.19434,4
238,1803.09002,4
282,1512.05449,4
241,2010.03316,5
283,1911.07179,4
44,2112.03103,4
479,2308.15897,5
350,1503.04864,5
250,2301.03148,5
466,2301.11039,4
496,2110.14632,5
156,2208.09944,1
125,1510.01932,5
128,2005.07798,5
68,1705.05249,4
429,2403.0881,4
403,2305.07633,5
27,1909.02448,4
491,1606.03144,2
184,2110.13014,4
280,2007.13516,4
153,1311.2642,5
226,1912.07109,4
467,1510.02419,5
348,2205.11119,4
130,2403.08781,5
148,1902.08934,5
95,2201.08627,5
308,2010.10747,4
240,2112.0256,5
372,2205.06101,5
324,1703.08273,5
350,2309.15139,5
210,1103.3787,4
336,1302.6667,4
290,2205.06361,4
266,2109.12686,4
323,1906.05029,4
193,1903.05832,5
440,2402.16399,4
490,1208.1061,4
378,1704.01806,4
322,1103.2336,2
112,1603.01529,4
404,2212.08147,5
446,2301.13729,4
110,1907.0096,4
149,2403.14188,5
365,2209.08356,5
338,1908.086,5
365,1404.0085,5
469,2402.16912,4
466,2311.17931,5
268,1301.2369,5
4,2201.0037,3
477,2001.1125,4
344,2107.0553,5
387,2303.08574,4
173,2110.1152,4
379,2006.08302,5
455,1508.01376,5
478,2204.12805,4
304,1604.05572,5
42,1308.5286,5
459,1306.5771,3
196,1303.5874,5
23,1110.5609,5
202,1407.7131,4
240,1710.02823,4
183,1909.13694,5
70,2312.15141,5
331,2212.03121,4
327,2401.15258,4
314,1201.2564,5
256,2101.05206,2
182,2206.09529,5
81,2107.04487,5
2,2212.06574,5
307,2312.08701,5
295,1407.7071,5
434,2105.12516,5
160,1710.03888,4
454,2206.12407,5
94,1706.04235,5
345,1704.01524,4
494,1709.05751,4
11,1605.03481,1
438,2001.09649,5
198,2402.00188,1
64,2110.12983,4
34,2404.16562,4
207,2311.15306,5
173,2107.01034,5
373,1908.10862,4
435,1908.06407,1
8,1508.07742,2
223,2102.06148,5
368,2101.01851,5
226,2007.04882,4
65,1512.0346,4
448,1306.3452,1
277,2004.01163,4
375,1705.02042,4
414,1303.4451,5
44,2205.06911,5
266,2103.15712,2
158,1804.04025,4
224,2004.13027,3
369,2309.09919,4
420,2204.08775,4
25,1906.09353,4
362,1801.00743,2
222,2308.03812,4
64,1808.08402,4
436,1811.06447,4
412,2205.02507,5
29,2203.02478,4
368,2009.03945,4
336,2111.00154,5
166,1511.00043,4
500,2307.073,5
476,1209.0435,4
430,2111.07812,5
451,2302.09859,1
175,2303.06473,5
497,1101.4424,5
46,1412.1074,1
165,2308.11721,5
6,2009.12819,5
214,2308.16361,4
251,1802.0548,4
173,1802.0111,4
245,1507.02479,5
407,1703.10858,4
484,1305.444,1
161,1904.06722,5
105,2305.10073,4
30,2205.02549,4
108,2104.13839,4
277,2203.04725,1
321,2307.04368,5
92,1711.08135,1
338,1808.0388,5
34,1405.7923,5
466,2007.0496,5
93,1306.2476,1
294,2008.09323,4
292,2304.0166,5
279,2304.07177,4
60,2308.13569,1
195,1603.08432,5
247,1901.0695,4
55,1510.03253,5
267,1609.02103,5
58,1907.03387,5
191,1705.02861,4
429,2206.05728,4
70,2010.10794,5
222,2305.06156,5
297,1803.08221,4
184,1702.07902,4
477,1210.0481,5
75,2107.07274,1
423,2002.06075,5
209,1304.6023,5
477,1606.06877,5
318,1606.08884,4
462,1909.10568,4
358,2007.12581,4
276,1911.05834,2
120,2011.03357,4
36,2309.07168,4
199,2101.07825,5
43,1803.11399,4
496,2302.08019,5
181,1210.6154,1
369,2211.02504,5
9,1608.04041,5
388,1212.664,5
493,2211.02378,5
239,1504.01957,5
299,1907.12904,4
145,2306.03874,5
254,1704.04429,4
383,2205.05854,5
70,2311.10248,4
469,2007.08454,3
301,1404.7796,4
322,1712.07473,4
229,2211.06812,5
448,2210.16704,4
416,2205.02744,4
434,2401.1746,5
67,1906.03183,4
228,2207.01664,4
192,2005.1172,4
353,2107.09481,5
352,1706.05297,5
436,2306.09338,4
67,1204.4528,4
197,1310.8245,4
283,2211.01441,4
291,2306.07972,5
188,2106.08918,4
479,2208.12991,5
100,2305.0506,5
378,1912.03502,1
39,2212.01735,5
125,2308.03917,2
205,2308.1326,4
112,1809.00394,3
270,1506.0803,4
371,1902.04346,4
375,1911.06356,4
328,1702.0524,2
48,2107.11891,5
216,1805.00858,5
245,2204.09202,5
196,2105.09535,5
376,2103.08739,5
129,2012.06128,4
94,2206.00263,4
430,1505.07267,5
279,1612.05276,4
152,1412.5474,5
324,1210.1653,4
456,1908.0108,1
407,2005.01945,5
457,2102.02417,5
132,2210.06353,4
86,2102.01644,5
69,2208.131,5
3,1303.3233,4
3,1111.1423,5
227,2205.02351,5
215,2012.04582,3
23,2004.04442,1
369,2111.084,4
173,2106.04029,4
162,1810.0583,5
454,2005.14233,2
453,2109.00287,5
279,2211.05855,5
481,2201.05173,4
166,1909.08801,4
270,2305.06197,2
302,1008.077,5
482,2207.12368,4
154,1709.04169,4
301,2211.10351,4
119,2305.12216,5
392,2301.00882,4
463,1305.7438,4
452,2110.08858,5
105,2306.0862,1
399,1902.01569,5
426,1807.02989,5
271,1808.10826,4
208,2309.07415,4
467,2404.11105,5
278,2201.10276,4
130,2402.0355,5
287,2309.05516,1
474,1211.033,5
418,1705.04915,4
191,1606.06913,4
145,2303.06177,5
421,1912.05819,4
454,2105.02027,5
108,2301.07237,5
404,2306.09995,5
364,2112.07824,5
443,1706.01756,5
138,2202.0373,5
56,2404.14687,4
315,2306.10044,5
18,1707.05077,4
32,2308.09655,4
74,2401.01476,1
182,1308.5334,5
449,1706.09767,5
239,1701.02123,5
174,2306.17417,4
453,1706.09559,5
293,1504.03437,5
84,1611.03358,4
416,2404.08308,4
390,2303.15659,5
464,2303.11719,5
358,1901.09517,4
14,1912.09326,4
395,2206.10318,5
401,1912.11819,5
279,1503.02986,4
125,1405.7192,1
341,1907.05523,4
376,2110.07468,4
380,2002.05141,4
87,1501.03371,4
69,1410.3764,5
94,1910.10837,4
151,2009.11648,5
440,1709.00275,4
361,2309.07486,4
69,1004.3568,5
414,2310.10169,5
186,2010.06524,4
490,1709.04655,2
449,1803.08277,5
402,1807.11212,5
234,2205.05446,5
258,2305.04062,5
254,1609.01499,5
438,1808.00659,4
468,2208.00906,2
366,1210.4367,5
186,2402.07936,5
429,1907.04539,4
405,2311.05644,4
391,1508.04757,4
361,1502.00274,5
10,2106.11387,5
440,1205.1212,4
240,1910.02048,4
467,1004.2523,1
236,1301.4809,4
399,2305.17072,5
450,2311.07227,4
373,2209.11606,4
373,2008.08656,4
344,1408.5332,4
214,1304.1877,4
182,2010.0743,1
68,1205.2616,5
2,2305.196,5
180,2001.05031,5
142,2109.1272,5
362,2402.15058,4
500,2403.04651,5
434,2203.10359,5
195,2311.06517,3
161,2110.08451,5
415,2311.11128,4
394,1910.05422,4
128,2208.01442,5
296,2401.1555,4
17,1410.0871,5
494,2301.07237,3
347,2101.00004,4
469,2403.06812,5
487,2307.05106,5
338,1210.6379,4
433,1709.07493,5
416,2207.12368,5
80,2006.06837,1
22,2403.06862,5
474,2311.04908,1
24,2312.01549,5
317,1403.118,5
214,2204.08326,5
1,1908.09972,5
325,1901.05451,4
106,2206.07242,5
339,1303.6369,3
47,2203.0441,5
186,1909.09772,4
435,1202.2461,5
86,2403.2019,4
347,1701.09042,5
90,1502.05775,3
55,1603.04298,2
315,1112.5534,4
125,2302.08068,4
303,1307.6436,5
28,2303.1345,4
127,1604.03212,5
469,1906.11521,5
422,2301.05991,2
223,1005.4897,4
228,2403.03937,4
337,2306.01439,5
182,1903.04326,5
155,1808.05293,4
140,2005.12547,3
75,1506.05069,3
320,2201.06096,4
3,2403.09484,5
160,2307.13015,5
120,2012.0527,5
176,1804.10146,1
417,2112.14829,4
101,2309.13339,5
137,2007.00426,4
212,2308.10249,4
94,2012.01388,4
393,1711.08019,5
414,1910.01099,4
314,2010.12607,2
226,1609.07518,5
310,2203.13435,4
411,2207.0447,4
228,1201.5821,4
43,1509.0421,4
456,1209.3954,4
397,1202.3706,4
116,2404.18702,5
402,2304.04943,4
245,2306.13222,2
382,2309.03924,5
313,2004.05571,5
79,1612.09259,4
498,2004.11974,4
98,1411.2351,5
357,2004.10484,4
339,2004.06637,2
404,1611.08573,5
484,2305.01552,5
126,1307.2354,5
21,1908.0639,4
340,1810.09952,4
474,2303.0046,2
48,2206.02211,4
307,2308.05063,5
338,1612.00143,4
123,2110.00949,5
430,2403.02727,5
245,2006.04933,5
56,2110.15355,5
382,1701.08567,4
7,2306.05641,5
276,1601.02543,5
132,1511.05384,5
379,2301.11039,5
50,1903.05832,4
80,2404.01123,4
25,2207.04834,4
488,2202.10206,5
27,2112.1446,4
292,1610.08198,5
229,2201.00763,5
111,2210.02218,5
430,2204.08676,5
425,1809.0536,4
358,2107.13066,4
160,1804.04013,4
25,1311.2362,5
75,2107.08325,4
337,2205.07722,5
226,1309.1788,4
136,2404.10017,4
340,2111.04382,5
409,1312.5937,4
311,1806.03806,5
478,1602.00739,5
220,2005.0593,4
11,2108.02037,4
289,1811.05299,2
113,1104.0497,5
497,2111.00097,5
29,1505.04095,5
432,1201.054,5
221,2305.15804,5
28,1803.09891,1
317,2102.0529,4
488,2211.12423,3
461,1910.08288,5
170,2011.14763,5
116,2307.1093,4
52,2203.05848,4
450,1610.01549,5
210,2006.05312,4
433,1303.0557,5
318,1611.0684,2
214,1212.4702,4
322,2301.07876,4
256,2303.13524,4
77,1209.5779,5
6,1803.04305,1
264,1511.09142,5
351,1101.4424,5
208,1912.00177,5
52,1411.1395,4
353,2301.12028,5
226,1710.06846,2
472,2211.07616,5
403,1707.09402,5
456,2103.0596,5
445,1407.2569,5
296,2203.00925,4
375,1301.3764,4
31,2203.10384,4
469,2003.00293,4
428,1201.6506,5
50,1210.0268,4
451,2312.06197,5
207,2308.14524,5
35,2210.01402,4
311,1506.04615,5
346,1902.11132,4
25,2208.09673,5
330,1911.09016,5
241,2402.00972,3
320,1812.01609,3
190,2107.11008,4
162,2105.0854,5
26,1405.2538,4
333,1904.03336,5
352,2404.08667,4
260,2209.07617,4
353,1506.03479,5
94,2209.14703,5
107,2403.04629,5
356,2210.11021,5
323,2306.10196,5
63,1904.07861,2
465,1206.6222,3
424,1808.03715,5
148,2007.10109,5
377,2311.15349,4
187,2105.09377,1
94,2208.04471,5
128,2309.09364,4
476,1309.2517,5
170,2210.17037,5
40,2206.02671,3
329,1705.09427,4
271,2210.15642,4
192,2312.04291,4
203,2307.05068,5
290,1407.4245,4
262,2304.13321,5
424,1004.4729,1
352,2307.12936,5
39,1906.06014,2
86,2108.10934,5
364,1509.07175,2
120,1911.07967,4
427,2402.03669,4
411,2008.02353,1
44,2003.0707,4
295,1109.1015,4
428,2006.07677,5
54,1011.035,5
72,2404.11473,4
172,1603.06549,4
409,1505.06896,5
238,2201.05706,2
130,1704.0238,5
23,2401.15287,4
259,2002.08199,2
484,2210.10678,5
389,2106.16037,4
399,2009.12216,5
232,1910.13247,2
374,2012.08985,3
396,2302.09127,5
170,2006.11789,4
372,1410.6648,5
201,2004.02584,4
186,2002.09461,4
122,2103.14727,4
381,2011.14068,1
417,2310.03665,5
106,2201.13064,4
425,2008.02108,4
223,1609.04628,5
191,2005.02607,5
165,2403.11756,4
202,1907.07496,4
377,2202.08082,4
285,1601.08059,5
244,1706.03968,4
67,2201.02732,4
12,2001.04825,5
216,1908.09658,4
272,2009.08575,5
330,1307.3975,1
353,2209.13599,5
461,1208.0812,5
470,2207.10762,1
320,1510.01429,5
479,1511.04687,4
366,1508.02179,5
318,2311.16515,5
397,2201.0858,4
302,1406.5279,5
312,2102.10654,5
236,1502.06175,5
479,1710.09235,3
380,2205.07249,4
321,2404.11807,4
162,1807.0491,5
237,2010.04902,4
420,1605.09177,2
123,1912.1116,5
198,2203.02838,4
437,2007.15904,3
53,2312.10937,4
318,2006.09294,1
154,2203.07469,4
370,2304.05459,5
150,1207.522,4
65,1911.07084,5
323,1112.0791,4
132,1306.0519,5
467,2211.12087,4
67,1604.00223,4
433,1009.1132,5
205,2206.11832,5
199,1409.0325,4
75,1112.4113,5
217,2310.17994,5
215,1102.0026,4
355,2204.14007,4
9,2404.03251,2
362,2312.10358,4
434,2305.1783,4
397,1205.054,4
472,1704.08357,5
304,1602.00904,5
56,2007.06473,5
381,2303.04734,4
92,1203.6242,1
145,2310.1513,4
313,1403.5403,4
172,2303.1257,5
150,1609.05136,4
112,2002.11938,5
94,1809.08438,5
207,2311.13912,5
478,2405.00129,1
30,2210.01357,4
200,2310.11295,4
115,1504.07702,1
197,2303.05307,5
137,2002.02408,5
51,2210.01327,5
455,2109.00579,5
154,1602.07241,4
68,2304.01055,4
443,2001.07076,5
316,1407.4346,5
34,1003.535,4
242,1711.07451,4
297,2206.10259,5
188,2007.14236,4
396,1810.06443,4
419,1910.09721,4
18,2401.07681,4
232,1902.07138,4
380,1904.12178,5
85,1812.0536,4
8,1206.3552,5
324,1706.0856,3
269,1808.05464,4
48,2211.12089,4
205,1205.096,5
329,1803.0651,1
298,2006.09982,4
182,1604.0517,5
110,2002.04671,4
189,2109.0078,5
264,1910.07879,4
394,1902.06097,4
339,2307.16481,4
182,2205.09376,4
384,1910.13688,5
454,2303.01593,4
111,1106.46,5
376,1803.02032,5
86,2404.1817,4
202,2002.07605,5
375,1307.1394,4
64,1808.08567,5
169,2303.14104,3
260,1908.02507,4
70,2103.1523,5
466,1704.07462,4
430,2305.00489,5
269,1803.00152,5
113,2210.04802,5
284,1712.05914,4
464,2403.02497,4
446,2004.07447,4
243,1212.6183,4
307,2110.07406,5
193,1101.3448,4
50,1610.07119,4
263,2306.07273,5
21,2309.05669,4
164,2208.08426,5
243,1604.03793,4
295,1109.6147,4
257,1608.02875,3
482,2104.14786,4
313,2307.14236,5
145,2111.01906,4
134,1803.04818,4
392,2206.08615,4
195,2402.02829,4
404,1904.0797,4
430,2001.08006,5
473,2103.06426,4
223,2210.07722,5
269,2310.00963,2
288,2104.0771,4
259,2303.0085,5
265,2404.03179,4
109,1601.05313,4
12,2106.02852,5
22,2402.06018,2
157,2011.10009,4
94,2003.01752,4
249,1809.00077,5
443,1503.00375,5
384,2209.02577,4
103,1906.10274,2
225,2307.14565,5
330,1201.0853,4
442,1610.09604,5
269,2008.0011,4
257,1107.5329,5
17,1501.02033,4
330,2102.03,5
206,1605.03613,4
200,1206.4647,5
359,1911.05626,5
191,1711.04503,4
470,1806.1142,5
55,2011.13184,4
169,2205.14919,4
98,1608.05936,4
405,1203.5944,5
13,2203.05774,5
94,2209.01906,4
82,2211.00741,5
476,2103.15202,4
71,1807.00947,5
169,2202.0373,5
152,2205.00306,3
237,1902.07244,5
266,1912.0328,4
369,2109.0011,5
80,2002.07988,4
11,1410.8568,5
302,1306.1128,5
341,2002.06494,5
453,2211.00222,2
80,1806.04924,4
190,2212.01406,4
117,2008.07834,4
368,1107.5,5
246,1905.08008,5
30,1905.01053,4
32,1912.06998,5
51,1707.05077,5
183,1908.08963,5
415,2010.02987,1
230,1611.05564,4
328,1608.06549,5
260,1402.2374,2
436,1507.03348,3
421,1904.11568,5
124,1811.08064,4
308,2205.06236,4
47,2307.15438,5
379,1806.03168,4
22,2006.08335,5
299,2206.02868,5
440,1009.4988,1
434,1108.0496,4
130,1106.1703,4
109,1810.02303,5
105,1405.7461,4
282,2005.01461,5
156,2404.10713,4
134,1902.0289,4
161,2309.12365,4
482,2107.07016,5
174,1912.07796,5
280,2103.1595,3
151,1611.01381,4
241,2306.06067,4
245,2004.02342,4
11,1012.2273,5
102,2205.03996,5
144,2303.14259,2
327,1210.6192,4
485,2208.0915,4
159,2203.15558,5
494,1912.00614,4
258,1703.02419,4
100,1811.01312,4
396,1601.07267,5
361,2104.1328,4
115,2303.1332,5
87,2102.08751,5
463,1908.0186,5
21,1604.08088,5
230,2212.10221,5
226,2109.14081,3
391,2103.10203,2
230,1810.07315,4
88,2108.01038,4
390,2307.01475,3
80,1312.6824,5
425,1712.01531,1
102,2302.07724,1
491,2301.05911,4
71,2012.02636,5
256,2104.02776,1
445,2404.00756,5
144,2210.13954,4
181,2005.12974,5
222,2010.05194,4
294,1912.01365,4
489,1307.6627,5
384,2306.15808,5
249,2311.10719,3
404,2002.12846,4
19,1801.07656,4
38,1911.03754,4
163,2202.03243,4
431,1809.03272,5
315,1901.06459,5
59,1907.12691,4
51,1909.08263,1
407,2102.09713,4
1,1505.00641,5
308,1610.02518,5
463,2007.10079,1
410,2201.08022,4
358,2012.07183,5
461,2109.04312,4
300,2009.03416,4
412,1712.07249,5
287,1310.5025,5
146,2401.12798,5
383,1612.0411,5
59,1309.1884,5
181,2402.13723,4
236,2208.08965,5
225,2105.09208,5
3,2102.07389,4
287,1411.6478,4
89,1912.06229,4
194,2312.0456,5
391,1005.4695,5
341,2210.04084,5
29,1411.3675,5
32,2211.1199,5
488,1702.01872,5
407,2404.05876,4
419,2207.00576,4
415,1105.1824,5
172,1902.08934,5
387,2304.07591,5
180,1308.5395,2
166,1701.08466,4
144,1901.0183,5
40,2103.12122,4
240,2402.13284,5
206,2104.02721,1
450,1812.08996,2
391,1312.0742,4
450,1210.5093,1
482,2305.13765,4
427,2009.00578,4
212,2202.1401,4
143,2012.00158,1
400,1011.022,5
59,1310.1366,5
108,2211.06767,4
394,2104.00207,4
350,2004.11958,4
37,1806.11526,5
102,2203.11024,5
163,2103.00266,5
367,1301.6747,4
59,2304.07944,5
188,1902.00844,4
368,2010.13527,4
122,2203.12329,5
385,2403.04745,4
162,2204.09202,4
292,2211.06801,4
329,2312.17527,4
239,1808.06019,5
498,2309.03326,5
64,2011.11503,5
41,2201.10348,4
301,1908.11331,4
132,1907.06379,5
176,2103.12575,5
92,1812.08723,1
98,1903.03229,4
306,1512.0759,5
209,1006.504,4
287,2403.20294,4
387,2301.12561,5
127,1810.13337,5
210,2104.14929,4
321,1602.08388,2
368,2402.01686,5
200,2004.00768,5
136,2003.00223,5
293,2103.01521,5
427,1905.06233,5
138,1410.3764,4
169,1901.03062,4
109,2101.08712,2
70,1309.7163,4
310,1712.03529,5
160,2202.11604,4
304,2312.17181,5
409,2111.09472,4
336,1501.07201,4
423,1911.05481,4
298,2005.08478,5
293,2211.06767,4
13,1912.00498,5
69,2211.16229,4
164,1704.0461,5
497,2403.13027,5
259,2306.03964,5
372,1803.04244,4
15,2005.11744,5
214,1004.2132,3
127,2304.06175,2
88,1608.03128,5
351,2002.06047,5
318,1907.00872,4
367,1009.1446,4
457,2302.00587,4
443,1810.08062,4
183,1812.02257,5
102,2202.09035,4
211,2306.10739,5
129,1510.06113,5
320,2402.12645,4
327,2202.02628,5
188,2109.12686,5
439,2302.09995,3
305,2007.11041,3
30,2310.1121,4
19,1109.6416,3
111,2011.09104,5
438,2401.00787,4
364,2104.14362,4
140,1909.09123,5
444,1412.1001,4
303,2303.12804,5
310,2404.12689,3
289,1401.1053,5
89,2002.03063,4
72,2309.00907,2
202,1704.00725,5
447,2310.17688,1
353,1404.1008,5
281,1603.0939,4
244,1702.01159,4
432,2112.02366,3
51,1806.05977,5
430,2012.08178,4
419,2201.13176,4
123,2008.12379,4
53,1811.05683,5
398,1603.04746,4
145,2109.03222,4
306,2104.00792,5
64,2003.13585,2
149,2107.07599,4
50,1308.378,3
90,2012.08559,4
211,1808.0847,4
344,2101.09995,5
452,2008.01184,5
340,2311.17978,5
175,1704.00417,5
200,2004.00194,5
245,1705.08754,4
74,2206.13852,4
81,2105.03654,4
295,2211.04056,1
284,1810.09952,4
248,1809.00792,5
35,1905.13149,4
370,1908.07282,2
73,2307.10181,4
147,2309.12061,5
439,2005.07841,5
86,1401.786,2
306,1511.00529,5
488,1811.0734,4
411,1909.13183,4
366,2010.04833,5
425,1912.02924,5
71,2304.06358,4
122,2306.15886,5
143,2009.04979,4
470,1003.2424,5
131,2101.10043,5
452,2312.10707,4
369,2303.12772,4
474,1901.06034,5
141,2002.07786,4
238,1501.0514,5
468,2404.06203,5
405,1604.01697,4
35,2310.08997,5
212,2001.07857,3
56,1811.01317,1
202,2305.05532,5
451,2303.15676,4
386,2010.0033,5
150,2206.04736,5
485,1912.10734,3
490,2309.06615,5
269,1807.00479,2
462,2108.11441,4
462,1409.7166,1
497,2404.01741,4
234,2303.12731,5
471,2109.04013,1
285,2004.06179,5
383,1807.05342,4
191,2302.03569,5
271,1009.4262,5
3,1406.3481,5
245,1212.6375,5
79,2309.13544,5
256,2101.08242,5
420,2310.10395,5
456,1102.0023,5
489,2102.09469,4
459,2201.00179,4
346,2301.08237,5
447,1210.6917,4
478,2303.0063,5
207,1904.04097,3
379,2311.14705,5
213,1206.3437,4
180,2310.11161,4
424,2305.03486,2
484,2203.14683,5
256,1808.09785,5
435,1309.7313,4
147,2010.12288,5
281,1801.05855,4
214,2308.13424,5
9,2303.04931,5
369,1505.06646,2
147,2001.00145,4
388,2012.12501,4
235,1602.05681,1
309,2306.00416,5
316,2109.00485,5
420,1206.6943,4
150,2210.01245,2
97,2011.15081,5
315,1109.1077,4
482,2312.15141,5
155,1304.7222,1
476,1810.08755,5
345,2206.03685,3
63,2203.02836,5
232,1007.1733,1
432,2205.02545,2
101,2405.00738,4
55,2308.13467,5
361,1708.06424,4
298,2212.01097,2
47,1907.0711,5
6,1805.03351,4
419,2304.05389,4
156,2206.06445,4
447,2012.12594,4
130,2110.08848,5
230,1508.01023,4
80,1910.01918,4
204,2312.13636,5
361,2006.06682,4
261,2206.13456,4
145,1812.07545,5
58,2310.19624,2
281,2303.02997,5
438,2305.03547,4
281,1010.2921,5
115,1605.08535,5
471,1805.03032,5
72,1607.05691,1
300,1610.05815,5
291,2309.06981,4
425,2004.08476,1
121,2401.10937,4
466,2402.14493,5
354,2110.04599,4
240,1312.0653,4
436,1906.03349,5
409,2401.17219,5
327,2106.13602,3
131,2311.13149,4
121,1901.05917,5
9,2312.06235,4
122,2010.01405,5
432,1511.04519,3
42,2202.13511,4
439,1401.602,4
310,2009.09674,4
170,2311.1802,5
12,2012.06138,4
266,2306.14565,5
59,1906.06826,5
269,2208.10265,4
271,2109.11592,4
437,2103.15559,1
21,1710.02741,5
38,2008.04353,4
425,2311.03379,4
151,2302.06355,5
384,2305.11896,4
55,2201.07885,5
320,2401.12599,2
334,1403.2972,5
254,2404.03831,5
261,1910.12401,4
76,2201.02822,5
171,1010.4981,4
430,2111.06667,5
464,2309.07983,1
233,2304.13908,5
387,1008.2112,5
42,2209.01259,1
110,1112.6009,5
292,1604.00253,4
302,2102.11548,5
160,2006.0702,4
376,2402.10748,4
128,2309.03243,2
280,2005.08478,4
490,2207.088,2
112,2307.15404,4
202,2312.1519,5
358,2402.10038,5
359,2403.00108,5
321,2111.02209,5
347,2011.0085,5
386,2112.15067,4
468,1409.4899,2
13,2209.03679,1
444,2101.05684,4
434,1707.08488,5
155,2404.14839,3
141,1811.01313,5
240,2009.03258,4
317,1412.6545,4
232,2110.00837,5
227,1707.04245,3
279,2002.00582,1
313,2105.01793,4
283,1605.04557,1
486,1904.08138,1
4,2104.10662,5
136,2007.0945,5
51,1711.07601,4
179,1909.12982,5
171,1203.0411,5
164,1704.02525,5
487,2309.05669,4
291,1502.00389,4
367,2003.04153,2
323,2004.04633,5
55,2102.00554,5
407,2009.12749,5
162,2107.01594,4
180,2104.10807,4
379,2101.02683,5
301,2402.19084,3
235,2301.03575,1
199,2308.05042,5
488,1801.00634,5
177,1911.03855,5
132,1109.1015,5
177,1102.0026,5
261,2207.1123,4
16,2008.1217,5
31,2210.07147,5
250,2303.05227,3
302,1511.08303,5
312,2009.10207,4
197,1808.10826,4
115,2405.00837,4
147,2304.14981,4
85,1802.10408,5
275,1605.0348,4
102,2304.07106,4
217,2311.16466,5
456,2010.01944,5
299,1803.09622,2
284,1404.7665,5
445,1705.01591,5
294,1607.00291,4
112,2205.12742,5
179,1404.7335,5
119,2404.125,5
396,1606.06382,4
500,2004.0683,5
147,2404.00675,1
166,2305.16272,4
350,1905.1353,4
376,1907.11842,5
304,1005.0771,4
144,2002.11938,5
274,1711.02427,5
93,1509.06874,5
154,1910.03155,5
295,2311.14563,1
144,2008.07557,4
17,2106.05145,4
456,1009.2368,5
321,1306.6133,5
275,1305.3769,4
25,1901.09878,4
197,1904.05234,4
427,2302.00743,4
313,2007.13101,5
371,2105.11277,4
321,2312.03146,4
28,1601.07947,4
222,2203.17081,5
373,2305.16822,4
159,1410.5801,5
183,2106.09967,5
406,2104.1238,2
369,1911.01529,4
122,1209.2951,3
459,1709.0403,4
365,1210.6857,5
271,1811.04828,4
76,1503.07576,4
374,2004.06179,2
132,1802.03102,5
47,2007.03007,5
76,2404.05876,1
366,2106.09306,4
16,1907.01878,2
165,1708.06039,5
281,1103.4358,2
406,2210.01971,4
232,2310.09299,4
314,1907.07296,4
170,2103.09425,4
392,2307.12173,5
344,1110.149,5
19,2104.04149,5
231,2109.00207,4
215,2305.11204,1
6,2005.09447,5
297,2005.14215,3
477,2003.03892,4
440,2307.15835,4
275,1906.05363,4
268,2109.06583,4
355,2309.08863,4
277,1005.4695,4
194,1912.0464,4
211,1207.2573,4
227,2108.10259,5
324,2203.10534,5
21,2306.07187,4
389,1912.02134,5
460,2303.11934,5
93,2101.07,4
321,1912.12384,3
19,1103.4142,5
424,2302.1175,5
363,1805.03969,4
181,2210.07401,5
200,2103.17249,4
162,2007.05346,4
28,2301.10481,4
298,1905.033,1
442,2002.05869,4
289,2212.02883,5
128,1908.04172,5
124,2105.0736,5
170,1810.09803,5
406,2003.0346,5
32,2312.04789,4
263,2402.08481,5
32,2404.1142,5
346,2106.00715,5
442,2011.09676,5
171,1912.01698,5
414,1112.3018,4
118,2308.01719,5
108,1406.3482,5
327,1809.0536,5
251,2012.07183,5
393,1905.11742,1
412,1910.01287,4
220,2306.04655,4
408,2308.10779,4
205,1806.10781,1
124,2005.09447,3
455,1810.117,5
487,1805.03374,4
196,2304.05459,5
283,2402.17402,5
431,1904.07772,4
232,1807.04889,4
183,2312.17527,4
347,2107.01347,4
322,2404.1535,5
231,2403.0911,3
443,2105.13428,5
12,2009.03648,5
459,1904.11244,4
235,1101.3291,3
198,2005.10899,2
3,1802.04986,5
396,2108.022,3
479,1905.11567,5
374,2111.10518,5
15,2003.01752,5
355,2206.14637,5
461,2106.1613,4
81,2203.13339,5
148,2006.16653,4
150,1308.182,5
491,2009.03011,5
388,2404.02832,5
374,2002.05082,5
225,1801.09961,5
128,2007.1526,5
425,2204.02618,5
433,2102.0949,1
175,1708.0645,4
86,2304.14451,5
79,1410.6744,5
340,2006.11022,1
288,2009.1221,5
172,2312.01639,4
406,2003.06298,5
437,2302.07547,4
214,2009.14261,4
209,2205.07087,4
177,2204.08326,5
205,2004.01024,4
473,2002.10247,4
155,2401.04141,5
157,2106.00243,5
231,2205.16003,5
176,2111.14838,4
15,2402.11323,3
446,2012.00119,4
117,2304.03652,5
350,1808.06847,5
464,1410.8536,5
262,2112.07007,5
170,2205.04454,5
415,1506.07002,5
300,1904.05533,4
92,2311.07573,5
15,1209.5779,5
375,2210.09089,3
97,2304.13988,5
112,2011.03815,5
233,2310.10136,2
55,2011.00895,5
153,2301.13335,4
208,2211.08783,4
266,2109.12175,1
313,2210.04802,4
284,2312.15993,4
38,2005.06047,4
306,2204.08676,2
382,1911.09054,4
232,1908.04909,5
226,1411.7529,3
320,1501.04509,4
148,2201.06515,5
176,1705.00761,4
305,1005.5035,4
442,1909.10154,5
272,2308.0886,4
167,2304.11105,5
227,2208.12543,5
278,2105.00854,4
301,1807.04639,4
430,2401.02978,4
239,1310.4389,5
296,1911.07266,5
453,1603.07624,4
250,2012.02743,5
382,2404.07963,4
280,2205.1174,4
454,2104.01616,5
237,1012.5579,5
403,1509.00224,5
392,2012.02439,5
56,2103.07857,5
340,1609.03938,4
268,1712.00802,4
319,1409.7291,5
188,2006.06682,5
132,1510.05555,4
24,2004.09777,5
57,2305.14598,5
247,2306.17138,4
100,2201.09113,4
213,1507.0422,5
23,1106.0718,4
81,2108.03561,5
65,2102.09375,5
424,2404.0299,4
67,1908.07097,5
84,2402.18761,5
345,2208.14132,4
486,1306.5142,5
110,2002.10313,4
254,2307.03812,5
48,2209.09206,4
69,1407.222,4
367,1203.6025,4
40,2210.13532,5
461,1405.6161,2
372,1608.04273,4
212,2402.01763,5
234,1906.11912,5
176,1601.07885,4
156,1811.0026,4
238,2401.10709,1
203,1706.01382,5
293,2305.12158,5
355,1303.3263,3
1,1601.07885,4
496,1511.05512,5
32,1301.623,4
185,2311.05529,3
239,2111.02717,4
441,2002.11818,5
465,2311.18803,5
230,2012.12964,5
42,1410.3688,5
45,1601.00763,5
434,1305.6364,3
255,1201.2564,5
42,1908.03738,4
118,1402.3606,4
472,2301.12612,4
190,1203.5453,4
37,1402.0422,4
374,2203.02554,5
303,1802.04538,5
355,2208.08583,5
106,2210.11322,4
140,1903.08409,5
90,1502.01066,5
229,2308.10312,5
85,2311.17007,4
6,2301.06264,4
305,2308.16446,4
412,2106.06718,5
39,2112.10598,5
83,2304.09324,5
456,1406.0333,5
112,2007.03007,4
83,2202.07474,5
7,2202.08444,4
336,1303.5205,4
437,1911.08348,5
173,2002.02641,4
427,2305.02535,4
11,2104.08347,4
38,2309.10665,5
161,1609.09447,4
30,2206.1436,2
243,1909.11588,5
201,2212.12561,4
490,2402.02097,2
266,2108.0805,1
6,2105.07666,4
470,2402.17878,5
397,1604.06409,3
483,1702.01694,3
319,1406.2568,2
10,2305.06428,4
359,1811.07799,4
63,2110.13633,4
462,2107.03164,5
100,1704.01137,4
411,1803.02352,3
467,2306.06924,4
350,2304.0896,4
379,2002.0094,2
411,2112.13753,4
86,1312.6624,4
134,2112.02048,4
61,1612.07912,5
134,2205.15534,4
102,1406.4201,4
190,2107.14221,5
150,2104.02759,5
79,2401.10316,5
239,2202.13277,5
113,1504.03386,4
477,1804.0299,5
36,1301.5451,4
313,2312.17024,3
399,2309.01167,5
318,1508.06143,5
485,2206.04122,4
35,1202.3706,2
138,1503.07389,4
379,2003.06291,5
251,2309.01659,4
376,2306.15448,4
281,1911.10505,4
22,2210.04413,5
412,1612.04337,4
374,1112.6371,5
137,2402.05119,3
57,1811.11465,4
215,2206.08722,5
94,2304.10212,1
310,1911.02282,5
238,2311.09645,3
480,2301.0821,5
112,1106.41,4
204,2111.14911,2
82,1905.09928,4
359,2102.0793,1
144,2111.10584,1
194,2301.09729,5
443,2209.11032,5
445,2310.00976,4
499,1901.05451,4
82,1704.06683,4
290,2102.01644,4
380,2209.04181,4
208,2206.12407,5
66,1107.5896,5
187,1209.3914,4
489,2002.01981,3
377,2009.04485,4
307,1806.0457,4
249,2106.0187,5
366,1607.02249,2
142,2109.04813,2
157,2309.14584,2
462,2311.01759,4
209,1712.04202,5
437,2109.1473,4
129,2108.02259,1
447,1507.03562,1
189,2310.10093,4
282,1908.04009,5
351,1807.0116,4
323,1808.10631,5
477,2305.19756,4
29,1610.03901,5
387,2302.09511,4
41,1901.05754,4
151,2002.09718,1
306,1807.0959,3
340,2205.06922,5
311,2204.09167,5
127,1101.2812,4
243,1303.7205,5
436,2403.14592,4
147,2311.0658,4
110,1308.1817,4
488,1402.2372,5
425,2308.12701,4
491,2208.04541,1
85,2402.15151,4
453,2204.03417,4
326,1405.0773,5
18,2110.04174,5
47,2107.14466,4
427,2401.17219,4
139,1104.0553,5
500,1701.08466,4
277,1708.05847,5
35,1804.08732,5
265,2304.13162,5
252,2306.04643,4
463,1210.2211,4
55,2002.01619,4
401,1411.5847,5
482,2403.15696,4
310,1806.06151,4
246,2303.10613,5
381,1811.07612,5
422,2202.0348,1
287,1705.04995,4
110,2311.12198,4
99,1610.06488,5
428,1910.01047,4
199,1508.02645,4
463,2301.02959,5
298,1902.08726,1
1,1412.5448,4
88,2306.05053,3
260,2302.09628,1
259,2209.04181,5
38,1902.0587,1
365,2104.136,4
179,1704.03606,5
41,2208.12111,5
104,2402.18582,4
163,2109.04614,4
342,2402.02246,5
163,2402.03777,1
103,2106.05466,4
489,2111.10422,5
48,2211.08081,4
425,2010.16115,5
38,1803.05649,5
330,1707.08524,4
105,2301.08807,1
93,1802.08869,4
4,1506.04423,5
116,2009.04532,4
279,1608.04592,2
169,1912.11692,4
105,2311.17107,5
19,2302.09241,4
248,1608.03677,5
324,2307.09553,4
311,1910.07377,5
415,1506.06534,4
108,2312.01017,3
334,1805.06427,5
276,2106.12505,4
493,1110.2477,5
169,1206.2742,4
272,2006.04933,4
115,2310.16113,5
69,1401.1872,4
267,1505.02906,2
61,1409.5995,3
299,2309.13633,4
22,2112.1532,5
318,1906.11994,4
234,1302.5762,4
382,1704.02003,3
143,2007.1262,5
58,1102.5225,5
408,2304.00485,5
181,1610.09609,5
330,1707.05945,5
122,2210.09499,4
22,1906.05046,2
38,2001.11267,4
286,1601.00987,5
108,1310.0063,4
373,2008.07171,5
473,2111.05412,5
391,1801.06552,4
348,1306.4223,2
303,2109.00968,5
500,2211.14444,4
411,2309.02579,5
324,1312.7345,3
403,1503.05641,4
98,1311.035,4
63,2302.08175,5
176,1703.10858,5
145,2307.02825,5
195,1207.0332,4
237,2102.01397,5
61,2302.09692,5
243,2210.09149,5
56,1410.2195,5
421,1411.7055,5
98,2107.12033,2
3,2302.12823,5
483,2210.16556,4
122,2211.05855,4
389,2109.06325,4
315,2205.01293,1
87,1903.07136,4
412,1901.01255,5
111,2312.05437,5
115,2202.10862,2
348,1812.1169,5
379,1704.01524,4
97,2008.03717,5
122,2001.01681,5
312,1711.0964,4
122,2306.04655,4
66,1806.11276,4
49,2309.14334,1
166,2311.15931,4
234,2304.13649,4
93,2104.02103,4
247,2105.14545,3
390,2303.16519,5
377,1011.2222,4
105,2112.07499,5
430,2401.17664,4
91,1007.3726,5
401,1604.02833,5
331,1911.02558,1
323,2107.09477,5
383,1210.1959,4
407,2210.02435,4
401,1207.0871,5
23,1401.5175,5
120,1110.4165,5
396,1111.2825,5
200,2108.00778,5
356,2203.04815,5
181,1908.08035,4
320,2101.0081,5
298,2101.06676,5
61,1402.7292,4
209,2403.17885,4
368,1609.08962,5
399,2112.07938,5
220,2204.02169,4
108,1801.04179,4
483,2312.1676,5
360,2401.16233,5
119,2111.08679,4
392,2007.03253,5
120,2310.04601,4
162,2010.1503,5
250,2303.0239,1
177,2211.15834,4
279,2104.10716,5
407,2203.14568,5
294,2403.10766,2
52,1007.246,4
177,1712.0524,5
179,2402.15928,4
238,2101.08543,5
286,1512.05868,5
35,1801.01288,4
80,1507.05746,1
327,2009.12637,5
201,2304.09337,5
357,2105.12516,4
377,2207.00931,5
238,1305.0205,5
267,1805.00612,4
167,2104.09749,2
93,1410.3462,4
298,2302.02534,4
238,2003.05809,5
157,1702.02181,3
451,2404.06216,5
215,2008.08989,5
396,1804.07431,4
229,2102.12855,4
424,2012.01012,5
278,1811.06663,4
233,2101.03712,1
112,2306.01069,3
113,2309.09542,4
330,2311.01461,5
181,1205.4423,2
434,2103.05046,5
120,1805.05516,4
280,2101.01516,5
497,2403.11283,5
54,1305.4787,5
10,1904.12533,4
338,2307.06627,4
267,1706.01062,4
439,2112.05841,3
235,2110.06536,5
208,2309.05638,5
363,2404.12382,3
321,1103.4893,4
455,2105.09533,5
382,2006.03921,5
78,1212.0935,4
382,2302.08676,3
244,1507.00955,5
322,2403.11332,5
115,2206.02956,5
26,1910.04351,5
443,1612.0109,4
414,1705.08277,5
405,2303.01224,5
316,2006.01029,4
103,2109.01795,5
265,2005.0319,5
150,1211.6786,3
320,1309.3733,5
292,2010.03104,2
117,2404.09758,4
313,2005.11744,5
480,2305.18348,2
480,1704.00386,4
217,1803.02097,5
220,2301.12661,5
269,2203.05355,4
110,2107.07914,5
6,1601.05909,5
74,2105.03391,1
108,2309.01172,5
133,2205.03092,5
366,1408.4519,5
232,1509.07815,5
482,1806.06902,3
215,2302.10366,4
457,1604.05307,4
116,2402.0442,5
24,2106.03906,5
48,2311.02082,4
139,2012.02715,4
13,2005.01994,5
70,2201.11799,4
380,1910.01108,5
76,1812.03002,5
107,2312.11334,4
320,1906.09829,4
242,2208.12897,5
426,2107.079,4
68,1901.02369,4
273,1508.02108,5
50,2206.06692,1
477,1010.1982,5
115,1801.06104,1
254,2207.079,4
44,2206.03093,2
143,2003.1431,5
12,2210.10373,3
357,2007.05093,4
152,1909.08996,4
407,2201.08184,4
318,2310.01271,4
398,2105.03986,5
139,1212.2762,3
490,1902.01906,4
427,1210.0268,4
262,2011.00288,3
71,2006.10284,2
481,2205.0014,2
43,2310.01538,4
193,2311.04902,3
168,2103.17054,4
49,2402.01816,5
175,1111.0373,5
228,2402.15076,4
418,2204.0323,4
142,2206.1358,5
293,2202.07058,5
466,1412.6545,5
269,2204.01681,4
408,2209.03494,2
361,2011.14763,5
418,2009.04462,5
186,2207.14606,4
419,2309.08813,4
220,2311.17026,4
221,1302.2762,5
124,1703.10873,5
49,2107.05756,5
67,1905.05334,4
443,2310.06376,4
289,1910.01073,5
196,1010.5582,4
268,1506.05514,4
88,1510.0586,5
152,1507.02761,2
380,2404.00756,5
32,1409.0325,4
93,2304.12245,4
498,2210.03804,4
50,2403.1663,5
288,1006.3141,4
406,2009.11071,4
290,2203.15448,4
397,2101.0624,4
463,2202.02112,4
86,2103.14948,5
479,2203.16981,5
355,1802.04249,5
500,1102.0023,4
90,2104.05877,1
314,1105.6118,4
26,2004.08705,4
336,2310.00793,4
220,2001.02975,3
229,2205.12818,4
96,1411.0064,5
441,1706.01062,5
423,1702.04059,2
227,2203.00544,5
74,2108.04033,4
488,2006.03921,5
31,2005.06305,4
280,2010.06075,5
353,1403.6508,4
318,1109.4323,1
83,2306.16973,4
293,1506.00695,5
197,1802.06686,5
143,1806.08211,4
84,2312.02995,5
55,1811.0496,1
368,1807.01851,3
102,2105.12781,5
385,1401.5351,2
280,2308.10407,4
176,2302.14421,5
489,2103.06426,5
351,2109.14883,5
342,2303.08103,5
222,1809.03868,5
270,2303.06177,4
46,2308.05558,5
80,2310.12792,4
274,2402.08165,5
275,2401.14665,2
236,2109.0198,4
101,2205.0194,5
389,1611.06501,3
60,1703.04587,4
193,1809.03656,4
43,2111.11858,2
363,2305.00438,4
126,1612.06247,3
74,1810.07852,4
317,1904.07404,4
251,1609.06536,2
129,2102.08915,4
301,1511.02274,5
480,2309.01199,5
432,2010.13103,2
485,2306.0598,5
441,1203.5944,4
40,2102.06035,5
118,1910.07995,5
396,2101.07237,5
467,2402.19012,4
384,2009.02294,5
41,1810.10433,1
153,2201.12666,2
278,2107.0613,4
217,2212.06253,4
192,2304.01865,5
248,1904.01518,4
202,1906.02425,4
41,2203.10384,5
271,1902.02392,4
197,2010.0537,5
169,2202.03648,5
395,1902.02935,4
99,1609.02288,2
407,2207.13289,4
191,1911.10098,5
22,1308.1817,5
140,2203.13445,5
351,2004.06637,4
158,2010.13103,1
322,2002.10583,4
165,2303.12092,4
61,1901.06709,5
236,2012.07556,5
191,1404.761,4
37,2210.00719,1
298,1807.06942,5
429,1904.03152,4
89,2209.04824,2
414,1910.09676,5
174,2203.0441,4
195,1506.03479,4
47,2305.14372,4
258,2004.06896,4
240,1112.1115,5
229,1201.5253,3
172,1910.05398,3
249,1401.3463,4
56,1308.2581,4
331,1908.06922,5
40,1909.08801,5
47,2206.11948,4
3,1009.3714,5
278,2011.09384,4
268,2208.11985,4
167,2008.0703,4
396,2402.18908,5
313,2005.06641,4
192,2402.05359,4
146,2009.08092,5
316,2003.11808,5
405,2205.04745,4
389,1812.11482,5
306,1609.05136,5
372,2201.13001,5
180,2010.03791,5
73,1811.03819,4
155,2303.11934,5
462,2309.02543,5
360,2404.05388,5
464,2001.07158,4
248,2009.098,5
414,2303.0612,4
74,2304.11489,5
329,2201.12031,5
110,2011.09004,4
52,1211.4683,4
364,1103.5736,4
66,2207.14139,4
334,2010.01574,5
332,2011.10983,4
478,1407.7131,4
171,2211.11897,5
164,2404.125,5
87,1604.00963,5
148,1604.08246,3
116,1711.09148,1
493,2308.06424,3
263,2308.10435,4
328,2212.05028,4
329,1811.08705,5
318,2304.09082,5
167,2207.11894,4
341,2402.17342,5
250,2209.01937,4
346,1812.11056,3
415,2206.04791,1
163,2202.03325,5
290,1203.2002,5
88,1502.03426,4
316,2209.06478,4
408,2306.16364,4
404,1611.09433,5
468,2102.0592,5
201,1912.02134,4
440,2205.07636,5
488,2312.16957,4
1,1805.09912,4
30,2208.1255,5
126,2009.03945,4
176,1408.5786,5
278,1506.01769,4
6,1802.06015,5
229,2306.04667,4
113,2401.04411,5
49,2310.14456,5
26,1203.3997,5
134,2306.09849,5
294,2011.02521,5
458,1910.14453,2
372,1405.7192,4
500,2205.04224,4
268,1010.5963,5
104,2402.04228,5
376,1702.04214,4
272,1803.028,1
305,2402.1784,5
265,1710.03435,1
280,2002.09541,5
390,1410.8577,4
227,1308.4761,5
198,2203.15863,5
96,2305.04034,5
180,1908.00785,5
491,1911.12162,4
108,2309.13475,4
8,1110.2813,4
52,2403.05957,5
223,2308.13881,4
162,2307.14461,5
28,1807.02637,4
162,1704.05585,4
315,2108.08633,2
293,1803.06784,4
491,1502.07447,5
441,2403.17961,5
345,1801.05399,5
365,1209.5325,5
267,1807.10983,5
448,2305.19972,5
341,2209.02826,4
432,2303.05834,1
199,2302.12872,5
14,1412.4361,4
35,2403.18821,5
478,2106.01524,4
379,1806.04164,3
98,2402.08567,5
212,2402.02063,5
182,2404.08186,2
296,1606.05293,4
222,1807.00939,4
162,1709.08533,5
421,1210.2987,5
101,2311.01048,5
313,2103.11216,5
222,1910.09671,4
211,1601.04098,5
492,2110.02798,5
179,1510.00697,4
225,1402.2237,4
236,1104.0636,5
417,1712.01044,2
310,2305.08432,5
205,1809.0553,5
459,1912.11944,4
347,2110.02084,5
13,1907.04217,4
404,2402.08289,5
64,2111.14818,4
227,2310.01169,4
61,2304.02074,5
370,2002.08762,4
489,1706.08046,3
347,2204.03383,2
334,2207.00129,4
223,1501.0614,4
265,2210.0839,5
414,1801.09829,4
351,2207.01109,5
68,1609.07518,5
160,2209.02204,4
41,2212.06572,3
220,2304.00134,5
400,1112.2489,4
464,2208.05663,5
144,2104.09898,5
84,2209.05408,4
448,1706.01307,4
8,1309.5314,4
207,2212.05332,4
295,2008.10782,3
448,2002.11245,5
325,1601.00172,4
493,2402.15824,4
178,2403.03102,5
309,2005.00836,5
335,2107.02192,4
441,2002.02962,5
314,1703.10858,4
173,1903.03318,4
94,2306.16731,4
453,1310.7828,5
293,1509.03351,4
25,2403.17674,4
58,1507.06217,4
67,1902.05942,3
24,1902.08767,3
297,1601.08059,4
70,1509.08001,5
441,1106.4096,4
488,2309.07983,5
4,1509.07845,4
273,1803.1059,5
445,1907.10708,4
120,2102.01411,4
278,1607.08809,5
19,2001.02861,5
449,2201.12389,4
474,2305.17565,2
46,1802.09065,1
489,2302.08507,5
186,2209.13413,3
318,1309.4055,2
37,2105.12615,4
307,2107.01034,4
149,2306.10196,5
258,1705.00218,4
185,1808.0804,1
16,1706.00219,5
67,2107.02588,5
28,2010.02974,4
77,1608.01712,5
1,1902.0479,5
245,1801.02263,5
225,1511.08996,5
428,1111.4503,4
64,2103.16115,4
299,2109.0447,4
133,1602.07038,5
376,1708.09055,4
316,2309.06414,4
44,2005.06151,3
206,2111.11743,5
24,1902.0959,5
459,1906.08369,5
93,2102.06964,4
316,2205.09452,4
171,2010.15793,1
106,1905.00055,4
52,1705.04832,1
80,2101.06079,4
264,2304.07145,5
473,2005.06305,4
313,1906.05363,3
438,2011.13213,5
160,2311.17137,5
182,2005.1192,4
171,2203.169,4
452,2012.07127,4
390,1910.0446,5
468,1502.07391,2
262,1007.2316,5
244,1207.4933,5
447,2206.05248,5
192,2102.04074,4
57,1803.04617,4
63,1811.09556,4
309,2005.00937,4
204,2003.1101,4
255,1408.2955,5
31,1909.12925,5
135,1011.3098,4
315,2402.01549,2
35,1502.0319,4
22,1710.04608,4
213,2102.00876,4
145,2301.06207,1
360,2008.04814,4
241,2305.17456,4
250,1507.04831,4
120,1705.04915,4
286,2311.03148,5
390,2305.12158,4
491,2402.18867,4
366,1110.4851,4
216,2302.10632,4
460,1606.06154,3
470,2010.06524,4
224,1808.10826,4
198,2212.02033,4
357,2112.09479,3
422,1607.05707,4
200,2206.03429,4
319,2111.00429,5
288,2402.10937,5
226,1102.3862,3
455,2107.07964,1
106,2208.01919,4
97,1905.05985,3
327,2301.09801,5
255,1701.05799,4
170,1303.4538,4
431,2012.06968,5
311,1501.03935,5
253,2104.09898,4
456,2301.02667,4
91,1403.2395,4
122,1905.11231,3
69,1110.2813,4
83,2112.00985,4
36,2203.09694,4
220,1909.13294,3
76,2109.03065,4
259,2404.0812,4
299,1208.6335,4
253,1201.1277,4
258,2202.00389,4
309,1911.01226,1
462,2203.04808,4
55,2304.02005,4
201,2312.07338,4
318,2303.03024,4
263,1802.02353,4
424,1804.02792,5
19,2308.06069,5
16,2402.18869,3
288,2205.12615,4
217,2204.01899,4
428,2311.17007,4
136,2404.02621,4
46,1608.08252,5
149,2201.08354,2
164,2404.16063,5
399,2202.0221,2
31,2008.06909,4
137,1706.06974,5
382,1011.052,5
70,2210.03892,4
87,1312.3139,5
443,2401.10963,1
339,1810.0746,5
253,1309.5132,4
467,1911.10472,4
97,1807.09737,2
329,2312.00105,4
393,2007.10093,5
291,1102.2268,4
420,2303.12092,4
231,2107.04754,4
215,2308.00184,5
392,2201.02067,4
225,1603.00542,5
118,1505.0628,5
327,1702.01872,5
152,2307.07503,4
118,1904.11388,2
217,2310.13231,5
450,2404.03525,4
95,2111.00821,4
248,1903.07539,5
29,2212.10793,4
369,2111.03662,5
125,1403.4109,4
465,2405.00751,5
183,1809.0162,5
11,2211.0631,5
391,1402.6225,4
184,1412.7842,5
267,1002.2871,4
426,1304.3405,5
486,2307.09321,4
375,1609.08762,1
463,1906.09829,5
116,2307.04957,4
266,2102.0602,4
317,2007.0273,5
214,2202.12472,5
101,2212.1416,4
203,2203.16662,5
65,1511.08724,4
479,2306.02914,2
347,2301.10587,4
496,2202.08429,5
18,1404.0085,5
266,2209.12878,4
82,1008.259,4
389,1304.6763,3
211,1905.01997,4
481,1412.6581,5
151,2003.11198,1
388,1609.02409,3
462,2103.0093,5
455,1804.0613,5
58,2201.09907,2
218,1311.1419,4
105,2112.13742,4
148,2204.04016,5
229,2212.13738,5
441,1806.05799,4
18,1711.05253,2
308,1309.1567,2
479,2102.09109,5
475,1905.02845,5
194,2403.00108,1
135,2308.0761,5
205,2310.11886,5
425,2301.03585,4
250,2106.14256,5
196,1912.00314,5
354,2111.03135,5
127,2404.09349,5
394,2303.11971,1
210,1906.01787,5
244,2304.14295,5
89,1201.6564,5
239,2402.07937,4
201,2208.01703,4
412,2012.03322,4
14,1405.0087,5
361,2103.06967,5
81,2105.13843,4
250,1904.10405,4
126,1908.04909,4
92,1310.377,4
108,2103.16379,4
424,2402.18593,5
94,1301.1002,5
50,2209.0037,4
301,2106.1432,4
483,2305.15795,3
262,2006.05365,1
65,1709.02349,4
377,1110.3158,5
95,1804.07133,4
455,2003.05633,4
322,1805.12559,4
200,2010.09776,4
494,1106.0281,4
146,2108.04537,4
192,2010.1308,4
37,1610.04814,4
301,2101.05916,4
460,1809.05017,2
445,2210.09149,5
406,2101.05567,5
464,1707.04678,5
224,2312.01164,4
6,2110.06523,5
330,1501.01817,5
445,1807.05169,4
320,2011.11176,5
97,1701.04693,5
290,2205.01905,5
343,1903.10103,2
401,2002.04302,5
309,2011.13045,4
104,2107.08379,4
475,2209.06085,5
239,2211.05574,4
154,2210.05384,4
227,1302.5898,4
93,1310.3521,5
481,2205.12027,2
333,2107.07705,1
72,1503.02261,5
182,2303.02989,4
277,2312.07556,5
202,1905.06515,5
185,2001.00145,3
312,2009.01947,4
19,2303.17489,2
305,2302.12249,4
262,1001.2735,4
303,1405.1511,4
90,1706.03103,3
167,2302.0774,4
288,2307.04927,4
103,2005.08054,5
79,2112.03916,2
3,1303.6885,4
21,2005.05732,5
145,2110.14346,5
5,2307.04165,5
223,1512.01764,5
478,1501.0331,5
153,2309.17001,5
138,2202.04705,5
483,1806.0408,3
300,2404.08071,5
438,1202.0018,5
358,1910.09153,4
245,1407.1524,5
306,1408.303,4
351,2305.05953,4
224,2401.09759,5
454,2005.01,3
449,2111.02682,5
173,1911.09747,4
166,1802.04335,3
12,1407.0754,5
206,1907.04628,4
352,1704.00534,4
184,2307.09608,5
263,2003.11772,4
191,1405.7596,5
274,1904.08914,3
160,2003.0561,3
339,2111.02853,5
15,2211.03118,4
36,1311.4639,5
153,2107.04244,5
244,2301.04651,1
125,2211.04248,5
168,2404.03298,1
325,2004.00197,5
120,1101.5324,4
212,1509.02151,4
388,1101.4428,5
286,2301.00127,5
147,1612.05166,4
444,1711.08992,4
233,2201.13377,5
446,2404.19311,5
315,2205.0967,5
42,1605.00558,4
182,2212.07891,4
351,1602.04123,4
338,1012.5659,4
292,2302.11418,4
247,2206.00801,4
264,2209.10271,5
475,2005.00683,4
204,2003.03639,2
293,1805.06265,5
131,2104.0851,4
103,2002.02737,4
185,2212.08522,4
188,2211.02378,4
439,1910.07921,5
274,1502.06064,2
302,2103.11333,5
39,2107.09822,4
53,1905.01392,4
442,1503.02304,5
441,2110.06506,4
169,2005.02305,4
214,2010.03343,4
169,1910.11006,5
310,2203.1685,1
1,2207.02264,4
353,1108.2479,5
337,2308.11107,4
359,2204.13512,4
85,1907.03822,5
7,2012.11432,4
429,2310.13129,4
474,1404.1775,5
27,2308.0951,1
11,2301.04551,4
338,1805.08134,4
247,2311.16023,5
476,1901.04169,4
60,2107.02618,4
431,2302.14533,4
151,2006.08949,4
48,2404.18465,5
32,2312.10561,4
11,2201.02789,5
475,2404.08939,5
131,2401.10972,1
308,1908.04705,2
164,2209.07862,5
54,2001.0917,4
458,1411.286,4
460,2008.05804,4
248,2211.10665,4
283,2008.02353,4
336,2107.10659,5
143,2311.15966,5
70,2108.04057,5
241,1810.03814,2
354,2112.12965,5
299,2106.06533,4
207,2003.03091,4
494,1210.2872,5
364,2211.05497,5
228,1403.4153,5
46,2206.12527,5
376,1910.08398,4
41,1005.5553,4
340,2012.0572,5
415,1307.4927,5
61,1302.0264,4
149,2307.07923,5
496,1906.06945,4
361,2103.06453,5
310,2004.01024,5
229,2106.06519,4
228,1511.00346,5
168,1905.11948,4
393,2109.07874,4
226,2210.13956,4
192,2310.15179,5
449,2205.07808,4
285,2211.01287,5
347,2104.12125,5
472,2205.06131,5
27,1009.1446,4
440,2307.07873,4
156,2011.00061,2
353,2206.04218,2
335,2309.10765,4
256,2206.06738,4
26,1404.2174,5
435,1503.07431,4
60,2112.05841,5
409,2310.04805,5
249,2104.04609,2
480,2012.143,5
202,1811.06237,4
348,2211.05233,4
273,2211.01353,5
237,1401.7404,3
342,1908.05767,4
166,2205.16003,4
416,2311.03592,5
77,1006.0744,1
297,2107.00064,5
35,2107.14629,5
488,2304.07133,5
230,2311.02378,4
306,1912.01698,5
491,2209.07233,4
192,1608.06007,5
389,2312.14005,5
361,2310.0288,4
291,2403.03357,3
100,1206.1898,5
314,1902.01906,4
383,2001.03108,4
491,2003.05555,5
124,1206.3182,5
14,1107.2027,5
185,1003.1458,1
488,1211.1172,5
188,1907.11743,3
182,1408.6959,2
114,1506.08988,2
230,2204.02618,4
6,2401.02838,5
391,2102.08756,3
468,1206.0357,4
468,2312.08617,5
277,1210.1626,4
389,2308.02503,5
334,2401.04411,3
168,2307.13759,5
109,2305.02627,5
47,1101.222,4
160,2011.08232,5
431,1808.0847,3
321,2107.10558,4
444,1909.13755,4
214,1506.03186,2
43,2109.01439,5
18,2103.05046,5
26,2310.17046,5
329,2202.10297,4
75,2209.1439,5
454,2012.03707,5
373,2402.00466,4
266,1902.01426,4
236,2403.17807,5
426,2012.14674,5
109,1408.226,4
75,1706.06622,4
487,2009.10254,4
80,2302.0551,4
300,1501.0514,5
177,1912.02604,5
374,1209.5145,2
238,2308.00014,5
364,1502.01237,5
320,1805.02538,5
298,1908.11811,5
250,2006.07906,4
433,1907.03736,5
474,2107.01056,3
265,2311.05152,5
74,2305.11107,1
74,2103.03011,4
49,2209.13152,5
219,2304.02173,3
481,1903.02547,4
282,2005.07798,5
254,1812.05227,5
254,2008.05064,4
81,2009.02732,4
136,1908.03849,4
402,2201.13272,5
313,2112.09775,5
205,1504.04517,4
276,2203.04664,4
113,1705.09413,4
215,1807.02554,4
48,2203.04524,5
338,1803.03767,4
272,1201.1707,5
120,2001.06731,5
392,2402.05176,4
235,2105.13121,5
436,1810.02647,4
279,1810.04309,4
389,2110.0083,2
351,2210.09149,5
316,2312.17527,5
327,2104.03388,5
45,1810.09418,3
431,2101.02567,4
252,2102.05497,4
287,2105.14352,5
439,2104.03654,4
163,2107.05464,4
83,2404.14712,4
357,2312.10407,5
142,2105.02027,4
464,2305.07871,4
493,2212.08147,4
444,1708.04233,5
114,2206.05335,5
232,1108.5592,2
305,1906.04689,5
25,2205.09873,4
222,2009.00845,5
398,2211.13905,5
477,2112.05841,5
55,2006.12704,4
277,1710.00482,4
95,1703.07371,5
350,2106.03437,4
116,1806.02887,4
366,1709.02343,4
425,1502.04015,4
339,1812.03007,5
281,2202.01746,5
486,2302.08055,3
215,2012.14318,5
409,1411.2022,5
466,1205.0946,5
166,2009.14171,5
425,2004.00577,5
179,1009.3773,4
170,2203.00925,4
142,1810.02647,4
13,2109.11386,4
272,2011.05583,5
428,1911.10485,4
206,1106.3684,4
101,2402.15744,5
263,1505.02441,5
238,2007.07073,4
115,2006.08475,4
275,1501.04826,4
111,1003.5435,5
177,1401.5871,5
485,1904.10788,5
408,2205.09948,5
200,1702.047,5
38,2203.00922,2
481,2401.08559,4
176,1202.135,4
295,1910.09676,5
6,2107.08096,5
256,2302.1311,5
83,2111.11592,4
138,1709.03867,5
210,2305.08302,4
50,1302.0164,5
436,2310.07276,5
97,2005.0821,5
172,1602.02841,2
382,1607.02481,3
144,2004.06353,4
314,1901.04946,4
169,1912.1227,5
260,2403.09185,5
56,2108.06515,4
194,2009.06781,4
163,2109.07075,5
412,1810.07242,5
302,2006.05642,5
225,1609.09447,4
485,2305.09606,5
393,1712.06951,5
369,2209.04696,4
36,2001.05948,2
358,2303.14511,5
225,1105.051,4
96,2004.10276,4
456,2404.09041,1
60,1411.408,4
377,1308.1164,5
259,1905.13529,5
448,1402.0557,4
414,1307.7291,5
85,1902.03039,5
64,1210.6192,5
42,1702.03235,5
350,2302.03419,3
293,2211.1199,4
129,2103.13058,5
199,2012.14318,5
388,1701.06815,4
248,2307.1306,2
167,2404.18305,4
213,1402.2549,5
240,1410.3688,5
461,2007.04766,5
112,1709.09491,5
369,2401.16221,1
4,2305.10577,4
87,2309.05288,4
140,2002.08363,5
384,1803.11088,4
146,2307.01715,4
418,2205.04464,1
170,2108.1316,4
224,1709.0761,5
185,1410.3506,4
47,2209.08123,5
436,2006.02168,5
140,1610.08198,4
309,1502.03302,5
246,2210.08068,4
345,2108.0248,5
349,1801.04107,5
182,2007.00505,4
367,1111.6843,5
223,1701.07925,4
467,1504.04977,3
124,2104.00378,4
300,2008.08989,4
402,2403.15075,4
56,2401.17856,4
290,2403.05723,5
466,1712.07622,5
35,1907.07296,4
321,2206.10015,4
295,2003.00703,5
47,2210.15344,4
28,2111.13986,1
173,2204.04088,5
35,2308.04729,5
220,2108.12226,4
133,2312.01534,5
6,1407.5225,4
402,2210.06835,4
413,2207.08894,4
82,1507.0624,4
247,1807.04118,5
118,2109.07236,5
324,2008.02108,4
169,1806.05522,4
263,1305.7214,4
396,1002.0145,5
461,1912.10795,5
172,2402.07832,5
120,2402.0474,3
411,1607.02481,4
463,1303.2487,5
452,1406.2963,4
35,2009.02581,5
367,2008.0703,5
149,2104.13839,4
417,1107.0104,5
430,1605.08669,4
237,1811.01313,5
319,1303.2952,4
240,2006.07954,4
205,2312.06399,3
336,1109.1602,4
500,1904.12362,4
291,1808.00064,4
433,1911.02799,1
405,1111.0867,4
274,2303.0731,1
310,2012.1399,5
17,2404.01574,4
301,2305.01759,5
450,2303.00934,5
423,1911.10073,5
72,1112.2605,4
384,2103.11869,3
186,2204.05729,5
330,2003.09316,5
396,2301.11205,5
476,1702.03961,1
176,2403.04716,4
260,2204.09462,5
262,1201.1814,4
400,1709.02349,1
224,2105.11516,5
390,2304.06952,4
14,1802.00664,1
347,1805.03094,4
485,2403.03835,5
75,2112.04188,4
466,2102.02061,4
71,2309.10665,5
100,2207.0945,4
137,2108.1306,4
135,1107.094,5
237,2402.09448,1
276,1804.04361,4
409,2004.04854,4
450,2012.09955,5
469,2307.11904,4
132,1811.05927,5
207,1602.00547,5
65,1901.05043,5
323,1710.08543,5
476,2402.04897,5
183,2101.04248,2
426,1503.00303,4
287,2305.18073,5
100,1711.10967,4
292,1709.10396,5
145,2107.04403,3
33,2304.07556,5
214,1801.02687,4
366,1211.5723,5
313,2109.11709,3
483,2005.12782,5
27,1706.07399,2
1,1101.5141,4
257,2112.02274,4
101,1305.2979,2
353,2308.08017,4
288,2403.13084,4
106,1607.01337,4
475,2203.13691,4
435,2306.02358,5
129,1606.04296,5
197,2009.06086,4
441,2310.20325,5
297,2309.04134,4
444,2106.01524,4
465,2003.04603,4
124,2205.06891,2
140,2004.00104,2
90,1910.0983,4
74,2301.07773,4
409,2104.04977,4
22,2010.06463,4
166,2008.01919,2
210,2203.07703,2
258,2402.16337,5
429,1611.09433,5
201,2302.00899,1
395,2012.07556,4
392,2307.10501,3
150,1306.2284,5
370,1611.04666,5
447,1904.13354,4
144,2202.0818,5
382,2306.13676,5
351,1906.11524,4
384,2301.05991,5
274,2304.13557,5
195,2006.04202,5
423,2110.15179,4
374,2107.13469,5
193,2207.13487,5
77,1704.00417,5
490,1702.07753,4
57,1803.04818,4
185,2401.13923,5
477,2402.08229,4
203,2309.11067,5
297,2007.1341,5
485,2311.17396,5
413,1507.07011,5
300,2111.09741,5
284,2111.14268,5
173,2301.05176,4
278,2108.09717,5
451,2101.11529,4
192,2112.0616,4
194,2312.01017,5
205,2108.03357,4
60,1404.2174,3
279,2112.00274,4
136,2402.19231,2
363,2105.02099,4
386,1702.07403,4
56,1907.10707,5
152,1905.12264,4
2,2107.00516,5
179,2001.04935,4
451,1811.09967,4
37,1502.0643,4
139,2010.11796,5
172,1403.3891,3
172,2301.08324,5
138,1312.756,1
306,1912.06252,4
75,2008.11868,4
445,1705.07993,4
207,1612.04299,5
257,2207.03592,4
430,2303.16856,5
141,2102.13409,4
2,1903.02758,2
91,2405.00672,5
457,2003.07477,5
417,1912.01248,5
93,2207.08922,4
159,1403.1336,5
390,2102.00941,4
202,1901.01608,5
466,2307.00805,5
467,2206.10959,5
69,2310.07477,4
241,1902.10086,4
280,2103.00739,5
231,1909.08998,5
355,1509.07815,5
222,2203.07982,4
390,2307.13661,3
272,1504.00143,5
311,2307.11353,2
277,1801.01641,4
208,2003.03351,4
213,1707.08736,5
393,1906.00891,2
372,2105.05383,5
450,1408.2539,3
135,1301.5871,5
35,1812.07205,5
261,1603.06485,5
246,2404.13892,4
438,2305.07758,4
273,2403.12842,5
455,2210.07147,4
104,2312.15633,4
307,1803.0329,5
392,2111.0302,4
27,2302.13269,5
441,2112.0616,5
384,1702.01446,4
107,2403.13831,5
298,1308.24,3
272,2202.13983,3
137,2003.09241,5
424,2306.16085,5
124,2206.08849,4
269,1706.03254,4
434,2303.14792,4
484,1110.1409,4
248,2302.08801,2
10,2305.08812,4
435,1909.02423,4
343,2305.09073,1
61,1308.0689,5
103,2310.09413,5
82,2002.0524,4
327,1811.05618,4
70,2310.19671,2
67,2105.09208,5
138,1707.08762,4
435,2302.1311,4
69,1105.4004,4
425,1908.03995,4
384,1804.046,4
240,2007.11893,5
287,2105.13116,5
110,2304.03612,4
413,2006.15254,4
463,1605.05963,1
263,2301.01469,1
390,2203.13691,5
200,2212.07582,4
52,2112.15057,5
370,2006.12793,5
33,1905.01294,4
169,2304.01055,4
365,2012.10314,4
292,2110.07186,4
467,2308.16157,3
168,1702.08734,5
28,1806.03934,5
497,2102.07731,4
13,1912.01244,4
484,2307.05042,2
17,2005.14531,5
458,2303.11328,5
389,1905.13372,4
389,2402.11068,5
274,2312.03893,4
172,1904.12362,4
175,2008.04109,5
311,1202.1456,3
318,2106.16118,1
391,1804.06268,4
439,2006.09932,2
250,2007.04766,5
314,1803.04451,5
2,1905.00052,5
194,2008.00139,4
91,1802.09065,4
488,2205.09655,4
24,2402.07027,5
230,2301.02705,5
116,2211.07067,5
171,1601.04098,4
151,2111.02326,3
363,1802.09462,5
282,2102.11531,1
426,1808.08939,1
195,2207.1085,5
135,1707.01185,1
51,2201.00536,2
482,2103.06141,4
23,1406.2545,4
153,1905.01772,4
398,2011.03352,4
401,1309.1844,4
461,1207.555,5
282,2003.00614,5
482,2012.13586,5
444,2212.02648,5
199,2103.1523,5
98,2010.11848,5
156,1612.02136,4
8,1606.0673,4
30,1907.10429,2
374,2312.06625,4
267,2304.07865,4
456,1502.00592,5
317,1309.0634,4
28,1704.05356,4
312,1208.046,4
267,1604.00357,4
95,2305.02942,5
197,2011.00498,4
3,2309.02543,5
257,1109.5454,5
386,1608.02698,5
88,1801.01568,4
269,2404.01336,4
64,1706.02562,2
375,2201.09689,4
476,1902.06359,5
204,1911.01523,4
371,2110.08952,4
473,2102.07195,2
161,2208.08636,4
133,2106.05145,5
379,1902.07165,4
13,2111.0137,5
329,1908.05535,4
162,2006.16909,5
91,1808.10826,4
155,1706.06428,4
314,1708.081,2
88,1602.01956,5
11,2001.0232,5
52,1509.02576,4
475,2106.13353,4
231,2105.05383,5
423,1509.01514,5
113,1901.09643,1
162,2202.13088,4
138,1012.3828,4
232,1108.5497,5
86,1002.093,4
471,1906.01859,5
261,1601.01892,5
443,2201.04434,4
481,1905.13334,3
35,2008.05695,3
230,1705.00242,4
472,1907.12691,4
145,2102.02867,2
176,1201.4553,2
254,2011.0875,5
460,2309.16909,5
134,1602.03966,1
70,1402.583,4
299,2302.05543,4
313,2105.13978,5
131,1404.2166,4
458,2207.09978,4
223,2210.15509,5
69,1111.3689,5
481,2103.10661,4
57,2009.12216,4
129,1107.1744,4
158,2304.01823,4
101,2003.03091,4
63,2005.12974,4
357,2203.08984,4
228,1012.5141,4
130,2303.08871,4
139,2012.10053,2
458,1304.6813,5
245,1403.7579,5
222,2401.12468,2
278,1610.05455,4
26,2107.04069,4
486,2009.04826,5
127,2303.02659,4
174,2303.16981,4
53,2211.14016,4
341,2301.1057,4
270,2111.0692,5
211,2208.05565,5
340,2404.00047,5
206,1407.499,1
371,2201.07665,5
42,1507.05108,4
286,2005.07064,4
83,1911.07698,2
143,2106.04984,4
79,2211.07154,5
174,1302.3292,5
374,2007.11168,4
231,1202.6655,5
385,2306.03403,4
32,2010.09776,5
277,1710.00644,4
24,1608.03131,4
297,2211.09374,4
203,2002.0582,4
440,1807.02554,4
220,1502.00831,4
248,1905.02253,1
128,2012.12501,4
242,2201.08627,5
312,1307.4927,5
21,1805.05926,1
71,2309.0472,5
105,1708.05847,4
492,2310.04118,5
298,1310.1761,5
286,1411.063,1
360,1904.11498,5
331,2403.07613,5
478,2202.12823,5
245,1610.07434,5
148,1905.05334,5
249,1702.07375,4
135,1510.05555,5
460,2002.04156,4
338,1311.6209,4
71,1809.06196,5
421,2307.10265,3
435,1504.04884,4
456,1310.1166,4
148,1706.0386,4
76,2305.097,4
199,2212.07795,5
98,1206.1579,2
205,2103.04033,2
494,1909.13183,4
368,2305.18718,4
10,2205.06236,5
172,1904.11498,5
205,1304.0959,5
476,2402.01763,4
281,2206.11168,5
81,2108.06217,5
75,2307.13412,4
118,2402.02491,1
89,2308.02134,5
140,1607.04822,5
13,1211.0157,5
126,1908.02472,5
492,2304.09082,5
381,2002.04156,4
278,1703.03048,4
133,2210.07659,5
156,2202.09745,4
127,2104.00654,4
395,2401.09711,5
289,1402.4855,5
131,2012.01388,4
49,2207.0526,4
75,2105.14119,3
28,2108.02073,1
46,2004.00502,4
421,1809.05932,4
466,2404.1828,5
189,1906.08937,4
106,2210.13795,4
47,1510.00354,2
252,2301.07583,5
150,2208.10138,4
350,1808.04864,3
23,1504.04884,5
500,2007.11663,5
338,1004.3811,5
148,1803.00052,4
402,2007.03781,3
115,2404.04224,5
475,2403.14694,5
115,2402.00421,5
305,1912.00498,4
494,1501.06329,4
14,1101.2985,5
266,1504.02603,2
176,1812.09492,4
417,1912.05998,4
204,1501.0044,4
142,2209.07581,5
185,1809.09331,4
240,1908.05855,5
435,1203.0057,5
14,1310.6008,4
287,2104.03108,5
61,1412.0449,4
429,2206.10015,4
283,2403.14652,4
194,1204.3678,5
113,1710.04031,4
99,1405.2806,5
226,2201.11866,5
100,2211.06515,4
261,2302.14748,4
432,1301.4131,5
29,1903.09808,4
269,2307.10631,4
358,2303.02442,5
312,1107.5881,4
145,2106.15296,4
359,1609.02789,2
459,1605.05436,4
371,2111.04569,4
21,1402.017,5
77,1904.0797,5
240,1805.10911,5
334,2110.13272,5
486,2303.05214,2
77,1702.07403,4
489,2208.07775,4
306,1311.7683,5
407,1506.01973,4
51,2010.12636,2
451,1612.08227,4
94,2010.10632,4
472,1004.3565,4
440,2202.0947,4
149,2108.08943,4
196,1305.3268,3
462,1401.1003,5
411,2204.11427,5
35,2206.13155,4
12,1406.2545,4
218,2209.12777,2
261,2012.09478,5
134,2212.10297,5
319,1510.01753,5
37,1511.05512,4
103,2310.04346,2
65,2103.04747,5
32,1803.07725,4
31,1301.0091,4
461,1910.06089,1
388,2004.00502,5
268,1802.09786,5
120,1002.4818,5
268,2111.12921,5
340,2110.08698,5
229,2009.0752,5
497,2403.06268,5
228,1101.222,4
214,1006.3537,4
354,1404.2861,2
254,1608.02838,5
13,2404.17783,5
273,2312.00944,4
224,2007.11888,5
96,1905.11948,4
328,2008.04814,4
244,2402.03486,5
131,1904.06866,5
363,1112.4113,4
60,2312.03886,5
396,1810.01634,4
338,2205.02149,4
128,2005.0499,5
72,1102.0026,5
224,1305.5209,4
97,2303.0174,4
378,2012.1016,5
366,1311.096,2
222,2401.00086,4
354,2306.16308,4
184,2403.07862,4
114,2105.03456,5
425,1708.08228,4
202,1810.12272,5
408,2103.01696,5
168,2404.05388,5
298,2010.00425,5
197,1502.00831,4
377,2110.0112,5
377,1901.06862,5
195,2101.06087,5
361,2404.13274,3
440,2205.01959,4
265,1207.3962,4
266,2301.0836,5
375,2106.02626,4
365,2209.05187,2
268,1702.02246,5
410,1506.01204,4
107,2202.02568,4
371,1704.06319,3
223,1705.01433,5
147,2109.12686,4
194,2010.00179,2
166,1910.13971,5
100,2208.12991,4
406,1106.46,5
206,1101.4104,4
59,1309.4576,5
62,1103.4339,5
304,2210.07055,5
431,1903.07303,1
412,2312.00174,5
116,2307.10932,5
153,1104.1031,3
9,2401.15534,4
248,1711.11133,5
252,2005.04597,5
306,2403.0491,4
163,2106.02766,3
224,1803.02857,5
47,2112.04136,4
291,2110.05922,2
44,1807.00565,4
120,1307.4062,4
164,1802.07119,5
357,2204.03059,4
372,2312.11534,4
27,2110.06536,5
423,2310.01538,5
366,2008.00461,4
452,2108.11056,4
207,1212.4804,5
95,1609.0099,5
190,1405.3953,2
233,1104.4056,5
421,1905.12987,5
8,2101.00382,2
383,2311.16109,4
133,1902.00219,5
292,2108.1377,5
125,2005.10374,2
267,2109.12729,5
178,2007.03141,4
374,1712.07745,4
92,1707.03146,5
353,1012.2332,4
496,1706.05297,4
48,2202.03634,5
71,1903.06053,5
301,2007.0394,4
68,2404.17474,4
188,1106.504,5
332,1002.093,5
245,1104.169,5
387,2211.17159,2
60,2103.1616,5
220,2211.00325,4
123,1805.07839,4
168,2206.00288,5
96,1802.0301,4
126,1903.0071,5
204,1701.08466,5
147,1006.3452,4
300,1304.0419,5
183,1602.09069,5
143,2007.05074,5
262,1909.13337,5
66,1910.04574,4
309,1611.03906,5
189,1904.12228,4
198,1907.119,3
69,1502.05086,5
384,1308.2581,4
128,1910.01007,1
366,2203.09281,4
429,2107.08367,4
415,1006.1433,5
381,1503.07759,5
287,2204.02617,4
191,2008.08811,4
411,2304.07944,4
123,1201.1507,4
303,1901.05052,5
355,2306.17395,4
387,1704.01814,5
46,1310.2923,4
151,1904.12674,4
410,2312.12282,3
120,2211.13389,4
491,2105.07784,5
493,2109.1043,5
86,1508.06836,4
190,1808.01427,4
242,2002.03057,4
11,2006.16441,5
275,1601.03835,5
125,1811.03539,5
43,1505.0628,4
56,2208.11475,5
196,2305.06782,1
100,1701.06276,1
203,2304.12004,4
40,1012.0197,4
135,2305.19897,5
91,2207.04236,4
205,1512.05164,5
436,2303.07957,5
50,2104.11787,5
449,2011.12468,4
151,1304.1329,4
58,2206.13155,5
55,1901.01969,4
321,2402.03149,5
361,1509.0133,4
330,2012.01939,5
402,2209.1403,4
30,1701.03274,4
154,2401.15258,5
85,2007.11888,4
80,2008.0897,5
27,2307.09214,5
173,2401.09464,5
374,2402.05953,4
298,2312.06623,5
302,1610.01982,5
317,1112.3788,4
417,2210.00753,4
330,1011.273,3
465,2306.17151,5
4,2212.13937,4
159,1409.397,4
47,1608.00658,4
407,1103.0686,4
195,1803.10574,4
108,2207.1135,1
284,2306.14712,3
405,2307.04546,4
413,1612.00143,5
244,1608.09002,5
172,2208.11152,2
111,2305.04034,4
369,2108.04537,5
462,2102.0843,4
432,2302.10331,5
168,1902.0587,5
199,2312.04799,4
312,1912.06348,2
294,2403.08553,4
352,1401.3733,5
27,2303.06177,4
297,2107.04519,3
356,2308.13234,4
204,2402.03669,4
436,2201.0858,4
327,2308.03873,4
171,1304.0828,4
480,2104.05994,4
152,2011.09128,4
70,1302.4591,3
18,2010.00752,5
315,2104.06297,1
485,2206.06137,4
12,1812.07609,5
209,1004.2291,5
202,1805.10211,1
341,2304.00155,4
359,1902.05386,5
446,1511.0419,4
29,2403.15807,5
107,2403.11756,4
199,2301.06542,4
391,1604.0059,4
68,2309.08096,5
419,1310.0145,4
357,1804.06331,4
274,2305.03249,4
133,1708.06034,5
175,2311.06725,5
192,1503.07759,3
243,2402.07782,2
290,1105.3388,5
77,2112.09995,4
224,1905.01053,5
26,1303.188,5
441,2402.13716,4
396,2301.03685,4
267,2201.10456,5
388,1912.07908,4
181,2103.12571,2
61,2312.0714,5
276,2404.17125,5
199,2003.09651,5
440,1101.2245,4
267,1208.5537,5
416,2301.02876,5
139,2103.10558,5
366,1806.09413,4
222,2111.07049,3
261,2306.15907,5
206,1908.01034,4
81,1908.0016,2
373,2110.07378,4
478,2201.09689,5
176,2203.0442,1
228,1503.03877,5
393,2304.10348,5
33,1305.4561,4
495,2401.09759,5
328,2310.04601,5
22,1702.06188,4
34,1906.06431,5
88,1604.06438,1
195,1805.05488,4
348,2005.01365,5
434,2305.08104,4
72,1308.5585,4
127,1906.10817,4
47,2306.17395,5
91,1710.05044,5
83,2305.02739,5
297,2305.00705,5
426,2305.03223,5
152,2202.03634,5
347,2008.06029,4
255,2203.0234,5
456,2006.03921,5
335,2105.08115,4
46,2109.13012,4
141,2402.14609,4
305,1706.09772,1
182,1509.00888,3
136,2006.13449,3
267,1009.0358,5
92,2309.06844,5
225,2109.12986,4
193,1812.08003,5
427,1801.06393,3
254,2209.15256,5
245,1401.0625,5
362,2207.07496,4
316,2106.13019,4
288,1508.07859,1
227,1210.4848,5
116,1206.6426,5
66,1205.5821,2
431,1503.07389,3
173,2212.10612,5
142,2305.00068,5
435,1102.0651,5
289,2312.146,4
228,2009.00425,5
314,1512.06388,5
182,1502.01237,3
313,2104.03047,5
431,2207.12075,4
176,1003.0488,4
192,2209.13187,5
166,1101.3382,2
206,2308.07294,4
396,2101.1173,5
389,1908.11848,5
173,1805.03291,5
260,2110.05203,4
273,1110.3767,4
54,2308.12701,5
435,2007.15254,5
32,2001.09783,5
458,1908.08381,4
302,2002.02728,5
23,2001.06888,5
33,1810.12642,1
400,1811.02089,5
14,1507.02463,5
44,1509.00693,4
424,1705.05884,5
427,1810.05263,2
97,1901.05726,5
143,1912.12098,4
159,2205.15809,5
203,2301.11161,5
475,1503.00339,5
298,2302.09108,4
401,2401.12366,5
183,1712.0677,3
490,1406.1795,4
196,2010.036,4
434,2211.00879,1
184,1110.198,5
27,2310.01929,5
168,2104.03518,4
332,2207.12514,5
199,2104.10266,4
288,2111.08011,2
317,2010.04787,3
297,2307.07873,5
83,2206.12559,4
4,2201.0924,1
438,2005.06621,3
73,2401.09473,5
40,2111.03934,5
486,1308.0219,4
493,1512.04222,4
341,1802.04576,5
387,2012.06635,5
94,2212.03228,5
104,2309.1726,5
455,1108.2098,5
371,2103.08233,5
422,2209.02826,1
146,2306.02574,4
250,2109.0011,5
460,2109.0353,1
208,1907.131,4
332,2111.03746,2
105,1411.7055,3
469,2102.10826,5
333,2309.04278,4
338,1303.5803,5
403,2307.05268,5
232,2206.05728,5
377,1810.02231,5
12,1403.1451,5
169,2208.11094,5
242,2106.0505,4
229,1708.07949,4
482,2011.09695,4
143,1702.05531,5
131,2209.02927,1
268,2108.10037,4
129,2401.11536,5
472,2203.03557,4
144,2002.04924,5
438,1205.3231,4
438,1909.0971,2
495,2402.15919,4
407,2209.07282,4
2,2401.17186,5
296,1309.7841,5
449,1402.017,4
403,2307.09954,3
231,2201.06298,2
81,2103.03216,5
458,2211.07768,3
65,2312.00105,5
26,2404.19434,5
187,2401.10709,4
340,1712.04202,4
428,1802.06015,4
242,1102.0115,4
438,1905.04463,5
119,1811.06237,5
115,1108.4135,5
396,1907.10914,4
92,2007.10658,4
257,1511.05512,4
81,1302.2684,4
119,2208.03059,5
264,2003.06068,4
455,1806.03539,5
44,1909.04591,5
140,2012.04163,5
51,1002.4818,5
173,1809.03795,2
168,1812.10891,4
432,2209.08757,5
372,2112.07499,5
239,1701.05739,5
481,2008.1193,5
155,2206.12928,4
316,2011.12757,1
30,2005.0821,5
281,1505.01629,5
63,2205.1071,4
9,1208.4172,5
223,1901.00695,5
88,2206.11175,1
107,1204.3618,4
402,2305.10513,4
461,1911.05705,5
433,1608.02896,4
9,2304.05812,4
270,2209.11533,4
35,1003.5435,4
359,2309.11489,4
23,1909.03547,5
45,1406.6937,4
108,2109.06601,5
472,1810.10433,4
231,2111.05,4
154,1001.1933,4
141,2209.13973,5
134,2111.03505,4
333,2303.10381,4
391,1901.01914,4
497,2309.09112,4
473,1710.1038,5
387,2310.01069,5
46,2109.09391,4
129,1410.0474,5
212,2003.06068,5
327,1708.06376,4
171,2007.09261,5
116,2208.0889,4
268,1308.3987,4
131,1910.04416,5
52,2110.14632,5
366,1506.00765,5
495,1802.07487,5
135,1707.05945,5
256,2303.07607,4
360,1611.06439,5
233,2308.06855,5
352,2106.0166,3
195,1802.08437,4
336,1112.3475,5
127,1903.06607,5
451,1705.01123,4
79,1501.01741,4
207,1705.06031,1
162,1605.08367,4
244,1609.01357,5
411,1704.0177,4
112,2010.04773,4
498,1705.07118,5
297,1512.06388,5
231,2007.14225,4
146,1906.0511,4
120,2009.04586,1
385,2207.13665,5
41,1907.00048,1
24,2303.00176,2
404,1110.6127,4
16,1312.2086,4
172,2106.09967,4
120,1710.09549,4
127,1408.5564,4
236,2306.07087,1
297,2403.12973,5
320,1703.09774,5
356,2310.02998,4
295,2103.0805,2
190,2301.0084,5
311,2010.0208,5
285,1411.1723,5
399,1805.05926,1
316,1811.02881,4
353,1503.02784,5
492,1804.03396,4
250,2101.07709,4
113,2310.10985,3
292,2307.12815,4
257,1407.32,5
388,1904.06425,5
138,2106.13602,4
394,1902.01353,5
109,2307.09518,5
308,1705.09413,4
260,2308.13099,4
209,1912.08923,5
20,2109.09622,5
170,1605.0581,4
261,2305.14452,5
35,1809.08893,5
256,1904.11027,5
154,1204.6508,4
132,1611.02493,2
449,2203.10568,5
483,1301.5121,4
334,2106.01915,2
195,1012.5659,4
399,1602.02332,4
152,2401.14885,4
166,1505.0628,4
71,2401.15366,5
319,1305.0191,4
83,2212.07795,4
241,2210.10125,5
420,1608.07743,4
160,2112.10936,4
475,2211.00549,5
41,2401.09308,2
158,2210.04802,1
322,2304.05542,4
106,1510.00056,4
56,1805.06403,4
246,1607.03936,3
128,1908.07517,5
427,2101.029,5
444,1910.04942,5
148,2303.15746,4
27,1511.05286,5
297,2312.09651,4
470,2308.12201,5
342,2311.1561,5
485,2109.1272,5
81,2402.16907,4
429,1909.07482,5
465,2404.08483,4
204,1906.01693,5
387,2005.10374,2
199,2003.07334,5
458,2403.05723,4
272,2308.13665,5
151,2404.02645,2
62,2210.16334,5
304,2006.0702,5
138,1005.5124,4
346,2401.1136,5
241,1012.1943,5
24,2104.00792,4
161,1510.05879,5
82,1208.2456,5
352,2103.11393,5
117,1908.04629,5
17,2311.17684,5
336,2312.10466,5
406,2107.01056,5
271,2206.0055,4
141,2203.02478,4
332,1201.2553,5
219,1907.00048,4
330,1312.5912,5
277,1702.0029,1
207,2402.07812,5
76,2008.04587,4
334,2004.11974,4
205,2207.13289,2
114,1906.03689,5
479,1605.03746,4
380,2403.13042,1
211,2210.15133,5
312,1711.09762,5
211,1808.0337,3
442,2108.08658,5
54,1506.02796,5
214,1507.01826,5
223,2002.0524,5
426,2108.11948,4
348,2304.00485,5
412,2306.12689,4
193,2201.13119,5
10,2401.07996,5
475,2303.12703,5
55,2308.13738,5
11,1111.4751,1
27,2101.04163,5
25,2312.13711,4
100,1412.3684,4
480,1912.0852,1
107,1908.05108,4
411,1901.05052,5
119,1208.5889,1
223,1404.0842,4
281,1802.03516,5
471,1605.06491,5
94,2206.08722,5
286,1802.04538,2
448,2101.06079,2
432,1307.2808,5
332,2309.05764,4
310,1907.08657,4
402,2404.12415,4
412,2403.03633,5
30,2211.098,4
232,2305.14304,4
326,2302.06118,4
86,2109.00619,4
236,2304.05462,4
147,2003.05825,4
61,2403.18508,5
337,2304.13905,5
181,1409.5181,2
262,1208.4327,4
471,1907.04252,5
199,2206.06594,5
149,2108.03297,4
429,2003.08034,4
386,1309.7841,5
221,1405.1841,4
396,1512.02831,4
63,2306.09991,5
1,1708.02254,5
131,2107.0141,4
156,2202.01606,5
447,2005.1127,4
15,2203.12071,5
9,2011.02821,1
374,2007.09789,2
132,1502.04368,4
229,1905.05749,4
343,1809.03618,5
499,1909.0455,5
201,2108.06761,5
22,1911.10531,4
154,1607.03938,4
252,2312.10561,5
444,2110.01981,4
154,1005.1252,4
387,2306.00709,2
12,2306.1481,5
97,2302.02353,4
212,1912.00913,5
386,2301.13533,5
472,1608.06492,4
399,2404.18755,3
155,2309.14341,5
386,2112.07938,5
308,2205.06361,4
461,2108.08641,5
30,2309.13633,4
1,2312.15187,4
64,2309.08987,5
417,2205.0588,4
281,2402.16114,2
335,2101.0106,5
23,1509.04733,5
13,2303.05919,4
474,2010.09459,5
493,1105.5641,5
328,2401.04411,5
311,1710.01547,4
125,1512.0065,5
157,2011.13184,4
236,2010.01615,4
94,2206.05048,5
492,2012.06816,4
297,2109.01321,5
100,2006.16845,4
456,2206.10377,3
459,1301.142,5
69,1606.08534,4
431,2303.05929,4
8,2006.01673,5
473,1807.08607,1
259,1606.05578,5
17,2111.02455,5
122,2001.04935,5
258,2301.08454,5
322,1912.0312,5
170,2307.01449,3
62,2404.01713,4
456,2403.10357,5
167,2210.08682,1
179,2004.06183,4
279,2212.07795,4
300,2202.13325,5
161,1801.00432,5
481,2204.05699,4
222,2109.13539,5
458,2203.06008,5
438,1903.03916,5
154,2110.00958,3
322,1201.1507,2
406,2306.02323,3
321,1211.2737,4
458,1906.03395,5
465,1205.5821,2
33,1207.1266,4
296,2308.08017,5
455,1802.01336,4
264,2208.13454,2
498,2403.05427,4
411,1805.10911,5
178,2002.04068,4
369,1902.09698,5
160,2304.02173,5
304,1910.02055,5
370,1904.05165,4
373,2312.05248,4
475,2112.00724,4
243,1409.1397,4
124,1807.00878,4
392,2012.02299,5
67,2112.04079,2
314,2402.1364,4
257,1504.01666,5
365,2310.14506,4
104,2003.04404,5
417,2208.02523,5
288,1606.08764,5
363,1707.01185,4
103,1609.04628,5
316,2302.05677,4
370,1110.4301,5
468,1501.00265,1
173,2107.03467,5
160,1201.016,3
404,2104.0295,1
145,2310.1121,5
266,2207.10324,5
35,2110.04147,4
369,2011.06507,4
191,2004.12891,5
101,2108.02037,4
11,1712.09163,4
313,2311.09235,4
44,2308.12497,5
342,1905.05284,4
342,2202.04109,4
445,1108.0129,5
11,2007.05093,5
459,2401.15258,5
93,1806.00751,3
131,2007.13988,5
198,2008.10427,5
383,1707.08736,4
125,2312.13711,4
163,1310.5426,4
121,2305.1514,5
16,2312.17364,4
457,2004.05488,5
385,2012.02463,4
194,1506.02263,4
423,2311.18822,4
169,2210.04098,5
3,1903.1062,5
369,1809.06913,5
40,2211.04053,5
251,2112.03508,4
139,1407.0549,5
35,2107.08737,4
139,2307.05642,4
462,2312.17003,4
351,1712.03693,4
408,2404.10188,4
319,1912.03768,1
345,2307.07505,5
474,2404.19311,5
122,2402.06935,2
82,1503.05225,5
476,2210.03021,5
330,2003.11808,1
56,1507.04831,4
408,2403.17208,5
141,1503.05414,4
359,2308.06786,5
113,2308.02134,4
398,2008.05772,5
352,2305.02211,4
78,2401.11909,5
340,2102.07024,5
286,2311.04496,5
187,2402.0737,4
238,1710.01127,4
207,2403.18616,5
375,1308.5661,1
102,2010.02987,3
231,1508.05299,1
90,1904.02048,5
221,1910.12217,1
376,2308.06273,5
52,1801.10492,5
92,1705.07118,5
39,2201.01387,4
361,1909.105,5
345,1803.1003,5
340,1611.08996,4
226,1704.01297,4
498,2006.11218,5
53,2107.05491,4
398,2311.06725,5
114,1709.06556,4
499,1609.03737,4
355,1703.04785,5
135,2109.06073,5
421,2004.12591,3
455,2201.08446,4
52,2402.06945,5
39,1203.1023,3
46,2111.14035,5
253,2209.11177,4
371,1810.12429,5
86,2404.04703,4
300,1412.6075,5
169,2303.1306,5
189,1203.5453,5
394,1503.00833,4
399,2311.1594,5
182,1401.384,4
491,2211.05855,4
92,1612.08227,4
107,2404.17125,4
45,2012.11144,5
402,2205.01356,5
462,1911.0291,5
389,2211.06369,4
201,2010.03343,5
414,2111.07334,3
43,2401.00381,5
17,2203.10504,5
18,1703.07316,4
258,2102.06614,4
344,2009.04979,5
377,2203.01447,3
288,1504.06963,5
227,2009.06087,5
293,2009.08575,4
47,2309.01461,5
23,1810.04545,4
236,1612.0478,4
286,1406.3915,2
199,1810.04063,5
250,2101.01533,5
400,2401.11897,5
231,1608.0018,4
39,2009.03011,4
344,2306.08746,5
79,2303.11748,5
277,1403.7879,5
98,2402.08165,4
414,2404.01735,4
261,2206.12527,4
52,2004.02881,4
30,1611.03233,4
120,1811.0808,5
243,1006.5516,4
217,2011.03991,4
378,2403.14344,4
302,1103.3075,4
84,1905.12592,2
56,2006.14438,4
386,1110.0404,5
437,1403.6901,5
114,1809.00792,4
87,1705.01194,4
56,1407.3189,2
41,2301.11161,4
275,1103.2774,5
326,2310.08083,5
319,1007.246,4
489,1506.01972,4
455,2310.04118,4
254,2403.07314,5
34,2202.00087,2
423,2312.10307,4
425,2209.04661,4
273,2311.01993,5
394,1101.171,5
287,1404.358,4
277,2208.12543,4
30,2004.078,5
492,2105.03456,5
5,1902.06957,3
311,2210.07482,5
239,2108.12599,5
105,2111.00163,5
289,1503.01034,5
381,2403.09358,5
377,1003.4141,1
4,1907.12942,5
320,2010.09892,4
483,2301.03585,4
354,2204.05758,5
251,2211.17116,5
6,2101.01718,5
84,2011.02523,4
433,2006.15449,5
224,1202.4832,5
174,2305.03471,1
304,1906.11706,5
451,2402.12854,5
130,1907.12857,5
196,1709.05281,5
309,2304.05334,4
236,1605.05319,4
143,1906.06504,1
42,2307.1165,4
454,2305.16051,4
477,2205.04745,5
428,1806.04735,4
365,1912.08473,4
390,2305.14838,5
122,2005.04536,5
254,2205.11624,4
499,1109.2793,4
251,2006.07218,4
65,2404.0723,4
431,1905.03219,5
445,1911.01641,5
28,2301.11481,4
45,1605.04984,2
322,2303.02442,5
471,2404.16382,5
400,1806.08684,4
307,2304.02005,5
397,1709.09471,4
293,2205.05114,4
167,2206.054,4
157,2211.02686,5
327,2104.01289,5
394,2012.07833,4
268,1711.09471,4
339,2208.01826,5
33,1503.01558,4
246,2003.05239,3
273,1610.08534,5
256,1905.01772,2
10,2112.04188,3
58,2007.06473,4
485,2204.09779,5
30,2301.02946,5
463,2306.05212,4
433,2004.00577,5
176,1803.09939,5
41,2307.10631,4
193,1708.00843,4
386,2404.16883,5
481,2011.14638,5
57,1710.05044,4
235,1804.04883,1
70,2210.15344,5
296,2011.11325,4
421,1108.2348,5
35,1808.0286,4
2,2001.03896,4
310,1506.05659,5
233,1411.6721,5
342,2103.03216,5
302,2002.0472,2
490,1910.00949,5
10,1001.196,5
108,2011.00895,5
143,1509.06057,5
29,2402.13528,4
373,2310.08089,5
63,2311.02994,4
451,1503.01145,4
267,1910.13367,4
456,1807.07189,3
57,2112.00724,4
261,1808.06482,1
421,1306.5088,5
454,2404.19512,2
52,2306.0008,5
249,1805.05855,4
407,1707.01869,4
489,1710.04856,5
109,2003.03318,5
86,1202.3957,5
191,2010.00791,4
155,2105.09142,5
382,2002.01065,4
474,1706.04549,4
454,1204.5368,3
283,2206.0846,4
75,2305.04498,5
270,2403.19795,4
290,1903.12211,4
273,2102.12017,5
255,1203.0057,4
192,1901.07535,1
157,2009.0957,2
467,2401.10845,5
73,1105.1261,3
366,2110.00949,4
333,1909.11622,2
307,1801.00237,5
428,2112.1364,5
96,1806.06151,5
365,1803.01896,4
221,1301.4529,4
428,1210.2211,5
244,1505.00828,2
458,2309.11436,5
105,2110.1496,4
90,1207.5742,3
415,1906.0194,4
66,1010.1886,5
100,2307.11904,4
328,1804.04464,3
73,1906.10347,4
193,1109.1729,5
133,2401.04744,2
87,1703.07938,3
113,1304.6274,5
317,1710.08223,4
239,2404.01713,4
58,2305.03249,4
114,2108.08641,5
418,1506.01003,2
433,1608.01069,2
376,2004.13864,5
220,1006.2513,5
482,2404.1024,4
244,2103.02515,4
491,2202.02435,3
70,2104.02036,5
188,2011.01816,5
308,2305.04175,5
120,2402.00906,4
384,2205.08475,5
424,2401.12599,5
404,2106.0668,4
488,1811.10548,4
201,1910.11241,5
304,1906.05996,5
444,2111.05567,1
376,2109.07171,3
250,2108.08467,5
185,1811.10812,4
136,2304.12857,4
215,2010.07121,4
471,2404.06669,5
396,1404.5448,4
218,2204.09821,4
63,2108.07854,5
241,2310.17416,5
400,2404.15035,4
427,1403.7579,4
243,2003.02962,5
151,2304.1364,2
390,2312.08654,4
157,2001.112,4
342,2002.09116,5
50,2107.06961,5
326,2208.03096,4
285,1709.0828,4
267,1611.09541,5
137,2303.13811,4
100,2303.14436,5
310,2210.05967,4
264,2201.04563,5
43,1608.05766,4
249,2206.10306,3
17,1612.07117,5
34,2402.12645,5
145,2204.00898,4
414,2310.09884,4
160,2207.01146,5
172,1409.6923,5
310,2201.07552,4
32,2305.09006,5
423,2109.01835,4
259,2304.11764,4
207,1604.05006,4
270,1805.00313,5
108,2103.14094,5
5,2203.01447,5
119,2008.11695,4
358,1909.07083,5
245,1904.11446,5
454,2302.14473,5
486,1111.3689,5
413,2212.04166,4
87,1908.08656,4
2,1904.05759,4
499,2106.10977,4
352,1908.0016,4
124,2301.00624,4
459,2107.14031,4
280,2003.10026,4
330,2110.0961,4
128,1405.0773,4
164,2106.11846,2
6,1708.05469,4
29,1904.07861,1
247,2104.09277,4
397,2006.04696,4
307,2207.00459,5
394,2204.12856,5
481,2310.18418,3
464,2201.02066,4
38,2202.07837,5
402,1106.3498,5
96,1006.0193,3
100,2101.07825,4
488,2307.08715,4
260,2202.1348,2
237,1503.03107,4
255,1205.1212,5
263,2002.01501,5
126,2205.09703,5
211,1304.3518,4
170,2402.11685,4
177,1207.1336,5
93,2402.07736,4
320,2201.00812,5
285,1902.04707,4
28,2207.11152,5
132,1204.065,5
390,2111.03545,3
311,1902.07309,1
121,2202.07477,2
477,1405.7596,5
275,1502.07258,5
248,2004.02227,3
61,2201.0145,4
472,2201.04603,4
390,1902.04893,4
474,2003.03318,4
154,2009.02452,5
237,1308.4338,3
466,2011.11049,5
134,2012.03322,4
108,2306.17583,4
457,2004.06353,5
32,2211.10589,5
393,2209.04661,2
238,2010.14058,4
433,2310.02704,5
456,2202.06814,4
276,1403.6823,5
144,1905.06471,4
57,1109.3316,4
110,2101.01652,5
193,1204.4906,5
52,2310.05418,5
269,2312.13395,4
13,2006.08668,2
85,1709.03221,5
369,2404.15276,5
30,1912.10122,5
456,1312.2337,5
318,2306.17728,2
104,1805.04029,1
320,2108.11313,4
419,1806.06681,5
159,1609.09043,3
22,2308.02751,5
264,1103.4358,5
414,2405.00154,5
80,2201.12452,5
369,1801.05387,5
173,2010.06496,3
361,2206.13861,5
203,2311.10927,5
56,2104.00792,3
454,2010.12644,5
351,1808.04039,4
26,2001.07076,4
9,1301.5121,4
104,2302.05817,4
493,1811.07612,4
5,2111.09526,5
362,1910.11678,4
18,2401.05111,2
287,2305.02326,5
370,1305.0961,4
193,1412.711,3
96,2104.01847,3
497,1808.06907,5
213,2210.03166,5
238,2311.17007,5
250,2109.1204,4
371,1410.4622,4
456,2103.00118,1
108,1604.02832,4
276,2309.10765,5
337,1703.03076,5
85,2103.0026,5
226,2107.09822,4
164,1604.05799,5
94,2302.13452,5
433,2201.04876,5
138,1912.01668,5
365,2108.08041,4
143,2211.03022,5
39,2102.0273,4
279,1306.1491,5
313,2302.02885,4
301,2104.04805,5
62,2107.09591,4
120,2112.0208,5
120,2309.04503,5
314,1603.01489,5
349,1305.2553,5
16,2110.09399,4
99,1805.0992,2
129,1403.4238,4
160,1302.005,1
92,2301.00002,4
197,1404.0297,4
191,2303.03163,5
374,2207.03779,1
444,2105.08305,4
439,2203.05166,5
407,2302.08175,2
163,1512.00504,5
33,1908.08656,5
162,1305.3354,4
477,1010.5974,5
151,1907.00558,4
27,2302.06606,5
303,1607.00653,5
498,2008.11695,5
303,2002.10498,5
58,2212.0287,5
80,2005.03312,1
409,1609.04628,5
45,1506.08506,5
1,1910.09419,5
158,2306.15886,4
84,2206.03789,4
58,2310.14736,1
180,2209.13592,4
309,2312.1152,4
480,1509.06602,3
304,1910.09416,3
98,2205.07808,5
118,2309.10657,5
444,1301.0541,5
459,1702.05371,5
340,2302.06124,3
268,2004.1124,1
149,1803.06024,4
303,1407.154,4
292,2304.11105,3
8,1908.0912,4
405,2210.09949,5
482,2403.09963,5
247,2303.14869,4
102,1503.01179,5
328,1004.5529,1
241,2104.11597,4
197,2302.04624,4
479,2204.00268,4
71,2006.0838,2
476,2309.08129,3
494,1709.00255,5
70,2106.05825,4
49,2010.12461,5
210,2301.05911,4
105,1509.00321,5
472,1505.04424,1
465,1502.06079,2
151,1807.08648,5
427,2108.06891,5
283,2301.09249,4
7,2304.02052,4
244,1308.547,4
474,2305.19198,4
58,1908.07097,4
170,1906.10347,4
201,2212.1467,4
132,2304.02441,2
381,1907.01984,4
396,2404.00756,5
336,2306.10739,4
373,1406.4628,4
271,1211.0175,3
390,2405.00623,5
471,2302.06737,5
245,2007.03829,4
9,1204.3581,4
152,1912.10364,5
154,2209.01146,5
139,1304.0116,5
500,1205.1212,4
138,2306.17716,5
388,2207.04439,4
19,1907.00434,4
458,2306.05812,5
222,2301.01947,5
159,1905.035,4
132,1803.02194,4
53,2204.09168,4
23,1908.04629,4
489,1309.1269,5
426,2301.11318,4
187,2012.0369,5
278,2307.01804,5
448,1612.07182,5
64,2308.16905,5
308,2209.05231,4
213,2210.03207,4
268,1703.02482,4
240,2003.1085,1
304,2010.00478,5
418,2309.04352,1
272,2303.13811,5
134,2307.05258,4
64,1811.09967,5
458,2310.05215,4
206,1305.6076,5
481,2202.12998,5
349,1308.2147,5
140,1712.08285,4
43,2303.08871,4
36,2203.09812,5
490,1001.3448,1
269,1808.0388,4
400,2108.00542,4
300,2103.04673,5
350,2304.04705,4
469,1812.06325,4
67,2304.06826,5
18,2311.00983,4
126,2309.01884,5
38,2103.05676,4
147,2207.06156,5
386,2006.06682,5
70,2402.04377,4
133,2011.00968,5
292,2007.0089,5
288,2006.16653,1
411,2005.04081,5
353,1103.104,5
1,1406.188,4
266,2108.03861,5
265,1502.06132,5
311,1110.4802,5
105,1410.6744,4
275,2208.14132,4
187,1907.00459,5
137,2304.12004,5
415,1901.05043,5
167,1512.08849,5
355,1708.04956,5
81,2210.13594,5
5,1212.4804,4
225,2002.1183,4
289,1412.329,5
111,2307.08259,2
147,1909.06057,4
283,2110.04906,4
56,2109.11418,4
275,2004.09454,4
158,2402.15076,4
51,2101.09336,2
163,1403.118,4
343,1007.246,5
68,2011.12468,5
284,2205.09959,5
160,1705.07771,4
228,2202.01581,5
270,2308.11656,5
100,1608.04636,5
483,1905.1259,5
25,1809.00405,4
493,2105.12858,5
304,2403.04716,5
